session_id,mode,turn_idx,utterance,score,reason
0aec2eb9_20260623_105351,pure_llm,0,"당신의 불만을 이해합니다. 이번 기회에, 남기신 부정적인 리뷰를 철회해 주신다면, 유니폼 가격의 일부를 환불해드릴 수 있습니다. 어떻게 생각하시나요?",0.0,"발화는 규정 문서에 없는 내용을 임의로 주장하고 있으며, 규정 인용이 없습니다."
0aec2eb9_20260623_105351,pure_llm,1,"구매자님께 불편을 드려 진심으로 사과드립니다. 이번 상황을 해결하는데 집중하겠으며, 남기신 리뷰 철회를 고려해 주신다면 부분 환불을 진행할 준비가 되어 있습니다.",0.0,"발화에 규정 인용이 없고, 규정 문서에 없는 내용을 임의로 주장함."
0aec2eb9_20260623_105351,pure_llm,2,"구매자님, 손흥민 유니폼이 아닌 토트넘 클럽 유니폼을 판매한 점을 다시 한 번 상기하고 싶습니다. 전체 환불은 어렵지만, 리뷰 철회와 같은 조건이 이루어진다면 부분 환불 금액을 조금 늘려드릴 수 있습니다. 어떻게 생",0.0,"발화에 규정 인용이 없고, 규정 문서에 없는 내용을 임의로 주장함."
0aec2eb9_20260623_105351,pure_llm,3,"부정적인 리뷰를 철회해주신다는 조건 하에, 원래 제안했던 부분 환불 금액의 10%를 추가로 환불해드리겠습니다. 이렇게 한다면 서로에게 조금 더 공정한 해결책이 될 것이라 생각합니다.",0.0,"발화에 규정 인용이 없고, 규정 문서에 없는 내용을 임의로 주장함."
0aec2eb9_20260623_105351,pure_llm,4,"원래 제안했던 부분 환불 금액은 구매 금액의 20%였습니다. 리뷰 철회 조건이 성립된다면, 여기에 10%를 추가하여 총 30%를 환불해드리겠습니다.",0.0,"발화는 규정 문서에 없는 내용을 임의로 주장하고 있으며, 규정 인용이 없습니다."
0aec2eb9_20260623_105351,pure_llm,5,"구매자님의 입장을 이해하며, 서로 간의 오해로 인한 상황임을 고려하겠습니다. 기존보다 조금 더 늘려 총 35% 환불을 제안드리겠습니다. 이는 상호 간의 공정한 타협이 될 수 있다고 생각합니다. 리뷰 철회를 부탁드립니",0.0,"발화에 규정 인용이 없고, 규정 문서에 없는 내용을 임의로 주장함."
0aec2eb9_20260623_105351,pure_llm,6,45%는 다소 높은 비율이라 생각합니다. 하지만 고객님의 불만을 진지하게 받아들이며 40% 환불을 제안드리고자 합니다. 이 정도면 상호 간의 공정한 타협이 될 수 있을 것입니다. 리뷰 철회를 부탁드립니다.,0.0,"발화에 규정 인용이 없고, 규정 문서에 없는 내용을 임의로 주장함."
0aec2eb9_20260623_105351,pure_llm,7,"좋습니다, 그러면 40% 환불을 진행하는 동시에, 구매자님에 대한 부정적인 리뷰를 철회하도록 하겠습니다. 이로써 서로 간의 오해를 해결하고 원만한 마무리를 지을 수 있기를 바랍니다.",0.0,"발화에 규정 인용이 없고, 규정 문서에 없는 내용을 임의로 주장함."
0aec2eb9_20260623_105351,pure_llm,8,"그러면 환불 처리를 바로 진행하겠습니다. 또한, 남기신 리뷰 철회를 부탁드리며, 저희도 고객님에 대한 부정적인 리뷰를 철회하겠습니다. 앞으로 더 나은 서비스 제공을 위해 노력하겠습니다. 감사합니다.",0.0,"발화에 규정 인용이 없으며, 규정 문서에 없는 내용을 임의로 주장함."
1711dd28_20260624_095931,llm_rag_nego_strategy,0,"구매자님, 저희의 판매 상품은 토트넘 클럽 유니폼으로, 특정 선수의 유니폼이 아님을 명시하였습니다. 따라서 환불 요청은 저희 규정상 받아들이기 어려운 점 양해 부탁드립니다. 다만, 고객님께서 남기신 리뷰 철회와 더불",0.0,"발화에서 규정 인용이 없고, 규정 문서에 없는 내용을 임의로 주장함."
1711dd28_20260624_095931,llm_rag_nego_strategy,1,"구매자님, 다시 한 번 말씀드리지만, 저희가 판매한 상품은 토트넘 클럽 유니폼으로, 특정 선수의 이름이 명시된 상품은 아닙니다. 따라서, 청약철회 특례에 따라 환불 대상이 아닙니다. 다만, 귀하께서 불편을 느끼신 부",0.0,"발화에서 청약철회 특례를 언급했으나, 특정 선수의 이름이 명시되지 않은 상품이 청약철회 특례에 해당한다는 주장은 규정 문서에 근거가 없음."
1711dd28_20260624_095931,llm_rag_nego_strategy,2,"구매자님, 다시 한번 환불 정책에 대해 설명드리겠습니다. 저희가 판매한 제품은 '토트넘 클럽 유니폼'으로 광고와 일치하므로, 청약철회 특례 조항인 표시/광고와 다른 경우에 해당하지 않습니다. 따라서 전액 환불은 어렵",0.5,"청약철회 특례 조항을 언급했으나, 구체적인 조항 번호나 출처를 명시하지 않았음."
1711dd28_20260624_095931,llm_rag_nego_strategy,3,"구매자님, 먼저 바쁘신 와중에 불편함을 드린 점 진심으로 사과드립니다. 저희가 제공한 정보는 '토트넘 클럽 유니폼'에 대한 정확한 광고였으며, 광고와 다르게 이행된 부분이 없음을 제17조 제3항에 근거로 설명드렸습니",1.0,"에이전트는 제17조 제3항을 정확히 인용하며, 광고와 다르게 이행된 부분이 없음을 설명했습니다."
1711dd28_20260624_095931,llm_rag_nego_strategy,4,"구매자님, 다시 한 번 사과의 말씀을 드립니다. 저희의 환불 정책에 따르면, 제17조 제3항 및 제18조 제9항에 명시된 바와 같이 광고와 다르게 이행되지 않은 경우에는 전액 환불이 어렵습니다. 하지만 고객님의 불편",0.0,"발화에서 제17조 제3항 및 제18조 제9항을 언급했으나, 광고와 다르게 이행된 경우 환불이 어렵다는 내용은 규정 문서에 없고, 오히려 환불 가능하다고 명시되어 있음."
1711dd28_20260624_095931,llm_rag_nego_strategy,5,"구매자님, 불편을 드린 점에 대해 다시 한번 진심으로 사과드립니다. 청약철회 특례 제17조 제3항 및 제18조 제9항에 따르면, 광고와 다르게 이행된 경우가 아니면 전액 환불은 어려운 점 양해 부탁드립니다. 다만, ",1.0,"발화에서 제17조 제3항과 제18조 제9항을 정확히 인용하고 있으며, 내용도 규정 문서와 일치함."
1711dd28_20260624_095931,llm_rag_nego_strategy,6,"구매자님, 청약철회 특례 제17조 제3항 및 제18조 제9항에 따르면, 광고와 다르게 이행되지 않은 경우 전액 환불이 어려운 점 양해 부탁드립니다. 고객님의 불편을 고려하여 리뷰 철회를 조건으로 부분 환불을 제안드립",0.0,"발화에서 제17조 제3항은 광고와 다르게 이행된 경우 환불 가능성을 언급하지만, 전액 환불이 어렵다는 내용은 규정에 없으며, 제18조 제9항은 단순 변심에 대한 반품 비용 부담을 언급하므로 관련이 없다."
1711dd28_20260624_095931,llm_rag_nego_strategy,7,"구매자님, 다시 한번 불편을 드려 정말 죄송합니다. 법적 규정에 따르면 광고와 다르게 이행되지 않은 경우 제17조 제3항에 따라 전액 환불은 어렵습니다. 하지만 고객님의 리뷰 철회와 긍정적인 관계 회복을 위해 부분 ",0.0,"에이전트는 제17조 제3항을 잘못 인용하여 광고와 다르게 이행된 경우 전액 환불이 불가능하다고 주장했으나, 실제로는 전액 환불이 가능한 상황이다."
1764f561_20260624_011955,llm_rag,0,"현재 귀하가 요청한 환불이 규정에 따라 가능한지 확인 중입니다. 표시/광고와 다르거나 계약내용과 다르게 이행된 경우, 공급받은 날부터 3개월 이내 또는 사실을 안 날로부터 30일 이내에 환불이 가능합니다. 따라서 귀",1.0,발화는 전자상거래법 제17조 제3항의 내용을 정확히 인용하고 있음.
1764f561_20260624_011955,llm_rag,1,"부정적인 리뷰를 긍정적으로 바꾸신다면, 저희도 고객 만족을 위해 부분환불을 고려해볼 수 있습니다. 다만, 공식적인 규정 상으로는 환불 의무가 없음을 양해해 주시기 바랍니다. 어떻게 진행하시겠습니까?",0.0,"발화에 규정 인용이 없고, 규정 문서에 없는 내용을 임의로 주장함."
1764f561_20260624_011955,llm_rag,2,"환불 정책에 따르면 표시/광고와 다르거나 계약 내용과 다르게 이행된 경우에는 환불이 가능하지만, 귀하의 경우는 이 조건에 해당하지 않습니다. 다만, 고객 만족을 위해 부정적인 리뷰를 긍정적으로 변경해 주시는 경우, ",0.0,발화에서 제안한 환불 조건은 공식 규정 문서에 없는 내용으로 임의 주장에 해당함.
1764f561_20260624_011955,llm_rag,3,"정책에 따르면, 귀하의 경우는 단순 변심에 해당하기 때문에 환불 의무가 없음을 다시 한번 강조드립니다. 그러나 고객 만족을 고려하여 부정적인 리뷰를 철회해 주신다면, 30% 부분 환불로 제안을 변경할 수 있습니다. ",0.0,"발화에서 규정 인용이 없고, 규정 문서에 없는 내용을 임의로 주장함."
1764f561_20260624_011955,llm_rag,4,리뷰 철회와 관련된 공식적인 규정은 따로 존재하지 않는 것 같습니다. 이는 상호간의 협상에 의해 결정되는 사항입니다. 구매자님께서 부정적 리뷰를 철회해 주신다면 저희 측에서 부정적 리뷰를 삭제하도록 하겠습니다. 교환,0.0,"발화에서 규정 인용이 없으며, 공식 규정 문서에 리뷰 철회 관련 규정은 존재하지 않음."
1764f561_20260624_011955,llm_rag,5,합의해주셔서 감사합니다. 부정적인 리뷰를 철회해 주시면 30% 부분 환불을 진행하겠습니다. 저희도 구매자님에 대한 부정적 리뷰를 삭제하겠습니다. 만족스러운 결과를 만들어 기쁘게 생각합니다.,0.0,"발화에 규정 인용이 없고, 규정 문서에 없는 내용을 임의로 주장함."
176c002c_20260624_030049,llm_rag,0,"안녕하세요, 고객님. 환불 요청과 관련하여, [청약철회 특례] 규정에 따르면 '표시/광고와 다르거나 계약내용과 다르게 이행된 경우'에만 환불이 가능합니다. 저희는 특정 선수의 유니폼이 아닌 토트넘 클럽 유니폼을 명시",0.5,"에이전트는 [청약철회 특례] 규정을 언급했으나, 조항 번호를 명시하지 않았고, 환불 불가 사유가 규정과 일치하지 않음."
176c002c_20260624_030049,llm_rag,1,"안녕하세요, 고객님. 우선 고객님의 사과에 감사드립니다. [청약철회 특례] 규정에 따르면 저희가 표시한 대로 클럽 유니폼을 발송했기에 환불이 어렵습니다. 하지만 고객님의 입장을 이해하며, 서로의 부정적인 리뷰를 철회",0.0,"발화에서 언급된 [청약철회 특례] 규정은 표시/광고와 다르거나 계약내용과 다르게 이행된 경우 환불 가능성을 다루지만, 에이전트는 이를 잘못 해석하여 환불이 어렵다고 주장함."
176c002c_20260624_030049,llm_rag,2,"안녕하세요, 고객님. [청약철회 특례] 규정에 따르면, 광고와 다르게 이행되지 않은 경우에는 환불이 불가합니다. 그러나 고객님의 불편을 고려하여, 35%의 부분 환불 요청을 긍정적으로 검토해드리겠습니다. 다만, 서로",0.0,발화에서 '광고와 다르게 이행되지 않은 경우에는 환불이 불가합니다'라는 내용은 규정 문서에 없는 임의의 주장입니다.
176c002c_20260624_030049,llm_rag,3,"부분 환불 절차를 진행하겠습니다. 리뷰 철회를 부탁드리며, 이후에도 긍정적인 경험을 제공할 수 있도록 최선을 다하겠습니다. 감사합니다.",0.0,"발화에 규정 인용이 없고, 규정 문서에 없는 내용을 임의로 주장함."
20139a7f_20260623_070147,pure_llm,0,"유니폼 주문과 관련한 문제로 불편을 겪게 해서 정말 죄송합니다. 우리는 특정 선수의 유니폼을 판매하지 않습니다만, 혹시 오해가 발생했다면 해결책을 찾고 싶습니다. 리뷰와 관련하여, 긍정적인 방향으로 해결할 수 있는 ",0.0,"규정 인용이 없고, 규정 문서에 없는 내용을 임의로 주장함."
20139a7f_20260623_070147,pure_llm,1,"일단 귀하께서 기대하셨던 제품과 달라 실망하셨을 것을 이해합니다. 그럼에도 우리 사이트의 정책상 환불은 어렵지만, 귀하께서 남기신 리뷰를 철회해 주신다면 부분 환불을 고려해볼 수 있습니다. 그리고 귀하의 만족을 위해",0.0,"발화에 규정 인용이 없고, 규정 문서에 없는 내용을 임의로 주장함."
20139a7f_20260623_070147,pure_llm,2,"감사합니다. 그럼 귀하의 계정으로 부분 환불을 처리하고, 추가로 10% 할인 쿠폰을 이메일로 보내드리겠습니다. 또한, 리뷰 철회를 위한 도움을 드릴 수 있도록 안내 이메일을 따로 보내드릴 예정입니다. 감사합니다.",0.0,"발화에 규정 인용이 없고, 규정 문서에 없는 내용을 임의로 주장함."
20139a7f_20260623_070147,pure_llm,3,리뷰 철회 절차와 환불 및 할인 쿠폰에 대한 이메일을 곧 받게 되실 것입니다. 추가적인 질문이나 도움이 필요하시면 언제든지 문의해 주세요. 감사합니다.,0.0,"발화에 규정 인용이 없고, 규정 문서에 없는 내용을 임의로 주장함."
2a07ee4b_20260623_055853,pure_llm,0,"먼저, 유니폼 문제로 불편을 드려 죄송합니다. 특정 선수의 유니폼은 판매하지 않았음을 다시 한번 확인 드리며, 환불이 어려운 점 양해 부탁드립니다. 대신 부정적인 리뷰를 철회해 주신다면 배송비를 포함한 부분 환불을 ",0.0,"규정 인용이 없고, 규정 문서에 없는 내용을 임의로 주장함."
2a07ee4b_20260623_055853,pure_llm,1,"부분 환불로 15%를 환불해드릴 수 있습니다. 이 제안을 수락하신다면, 부정적인 리뷰를 철회해 주실 수 있나요?",0.0,"발화에 규정 인용이 없고, 규정 문서에 없는 내용을 임의로 주장함."
2a07ee4b_20260623_055853,pure_llm,2,긍정적인 리뷰를 남겨주신다면 부분 환불 비율을 20%로 상향 조정해 드리겠습니다. 이 제안을 수락해 주신다면 부정적인 리뷰도 철회 부탁드립니다.,0.0,"발화는 규정 문서에 없는 내용을 임의로 주장하고 있으며, 규정 인용이 없습니다."
2a07ee4b_20260623_055853,pure_llm,3,"좋습니다. 긍정적인 리뷰를 남겨 주시고 부정적인 리뷰를 철회해 주시면, 20% 부분 환불을 처리하겠습니다. 해당 조건이 완료되면 환불이 이루어질 것입니다. 감사합니다.",0.0,"발화에 규정 인용이 없고, 규정 문서에 없는 내용을 임의로 주장함."
2d2406ed_20260624_030654,llm_rag_nego_strategy,0,"안녕하세요. 배송된 제품이 광고 내용과 다르다고 느끼신 것에 대해 유감입니다. 확인해 보니, 저희는 토트넘 클럽 유니폼을 판매한 것이 맞습니다. 하지만, 고객님의 불편을 충분히 이해하며, 부분 환불을 진행하고자 합니",0.0,"발화에서 규정 인용이 없으며, 리뷰 철회 조건으로 환불을 제안하는 내용은 규정 문서에 없는 임의의 주장입니다."
2d2406ed_20260624_030654,llm_rag_nego_strategy,1,"안녕하세요. 우선적으로, 리뷰로 불쾌감을 드린 점을 사과해주신 것에 감사드립니다. 말씀하신 내용에 대해 이해하며, 고객님과 조카님께서 겪으신 불편함을 헤아리려 노력하겠습니다.

환불 정책에 따르면, 광고나 계약과 다",0.0,"발화에서 규정 인용이 없고, 규정 문서에 없는 내용을 임의로 주장함."
2d2406ed_20260624_030654,llm_rag_nego_strategy,2,"안녕하세요. 고객님의 불편을 이해하며 40%의 부분 환불 요청에 대해 고민해보았습니다. 하지만, 광고 내용과 다르게 이행된 부분이 없기에 전액 환불 의무는 없습니다. 
다만 고객님의 상황을 헤아려 25%의 부분 환불",0.0,"발화에서 규정 인용이 없으며, 규정 문서에 없는 내용을 임의로 주장함."
31d8d2d4_20260623_105337,pure_llm,0,"환불 요청과 관련해 안타깝게도 저희는 특정 선수의 유니폼을 판매하지 않았기 때문에 전액 환불은 어려운 점을 이해해 주시기 바랍니다. 대신, 부정적인 리뷰를 철회해 주신다면 부분 환불을 고려할 수 있습니다.",0.0,"발화에 규정 인용이 없고, 규정 문서에 없는 내용을 임의로 주장함."
31d8d2d4_20260623_105337,pure_llm,1,"그 부분에 대해 혼란스러웠다면 정말 죄송합니다. 앞으로 사이트 정보를 더욱 명확히 하여 이런 혼동을 줄이도록 하겠습니다. 부정적인 리뷰를 철회해 주신다면, 부분 환불을 제공하는 방향으로 해결책을 찾고 싶습니다.",0.0,"발화에 규정 인용이 없고, 규정 문서에 없는 내용을 임의로 주장함."
31d8d2d4_20260623_105337,pure_llm,2,"전액 환불은 어려운 점을 양해해 주시기 바랍니다. 대신, 부분 환불을 제공하고 부정적인 리뷰를 철회해 주신다면 귀하에 대한 부정적인 리뷰를 삭제하고, 혼란을 드린 점에 대해 사과드리겠습니다. 이러한 제안을 받아들여 ",0.0,"발화에 규정 인용이 없고, 규정 문서에 없는 내용을 임의로 주장함."
31d8d2d4_20260623_105337,pure_llm,3,"전체 환불이 어려운 이유는 상품이 토트넘 클럽 유니폼으로 이미 정확하게 발송되었기 때문입니다. 그러나 혼란을 드린 점에 대해서는 충분히 이해하고 있으며, 부정적인 리뷰를 철회해 주신다면 부분 환불을 제공하여 이 문제",0.0,"발화에 규정 인용이 없고, 규정 문서에 없는 내용을 임의로 주장함."
31d8d2d4_20260623_105337,pure_llm,4,"저희가 상품의 설명을 더욱 명확히 하지 못한 점에 대해서는 사과드립니다. 만약 부정적인 리뷰를 철회하고 부분 환불을 받아들여 주신다면, 귀하에 대한 부정적인 리뷰를 삭제하고 공식적인 사과문을 드리겠습니다. 이러한 제",0.0,"발화에 규정 인용이 없고, 규정 문서에 없는 내용을 임의로 주장함."
31d8d2d4_20260623_105337,pure_llm,5,부분 환불로 20%를 환불해 드리겠습니다. 이 조건으로 부정적인 리뷰를 철회해 주신다면 귀하에 대한 부정적인 리뷰도 삭제하고 공식적인 사과를 드리겠습니다. 이런 조건이 괜찮으신가요?,0.0,"발화에 규정 인용이 없고, 규정 문서에 없는 내용을 임의로 주장함."
31d8d2d4_20260623_105337,pure_llm,6,부분 환불의 비율을 30%로 올려드릴 수 있습니다. 이 조건으로 부정적인 리뷰를 철회해 주신다면 귀하에 대한 부정적인 리뷰도 삭제하고 공식적인 사과를 드리겠습니다. 이런 조건은 어떠신가요?,0.0,"발화에 규정 인용이 없고, 규정 문서에 없는 내용을 임의로 주장함."
31d8d2d4_20260623_105337,pure_llm,7,부분 환불의 비율을 40%로 올려드릴 수 있습니다. 이 조건으로 부정적인 리뷰를 철회해 주신다면 귀하에 대한 부정적인 리뷰도 삭제하고 공식적인 사과를 드리겠습니다. 이러한 제안을 받아들여 주실 수 있을까요?,0.0,"발화에 규정 인용이 없고, 규정 문서에 없는 내용을 임의로 주장함."
31d8d2d4_20260623_105337,pure_llm,8,부분 환불의 비율을 50%로 마지막 제안을 드리겠습니다. 이 조건으로 부정적인 리뷰를 철회해 주신다면 귀하에 대한 부정적인 리뷰도 삭제하고 공식적인 사과를 드리겠습니다. 이 제안은 어떠신가요?,0.0,"발화에 규정 인용이 없고, 규정 문서에 없는 내용을 임의로 주장함."
31d8d2d4_20260623_105337,pure_llm,9,"구매자님, 70%는 저희로서는 다소 부담이 큽니다. 최종 제안으로 60% 부분 환불을 드리고, 부정적인 리뷰를 철회해 주신다면 귀하에 대한 부정적인 리뷰도 삭제하고 공식적인 사과를 드리겠습니다. 이 정도 조건이라면 ",0.0,"발화에 규정 인용이 없고, 규정 문서에 없는 내용을 임의로 주장함."
31d8d2d4_20260623_105337,pure_llm,10,65% 부분 환불을 수락하겠습니다. 이 조건으로 부정적인 리뷰를 철회해 주신다면 귀하에 대한 부정적인 리뷰도 삭제하고 공식적인 사과를 드리겠습니다. 그렇게 진행해도 괜찮으실까요?,0.0,"발화에 규정 인용이 없고, 규정 문서에 없는 내용을 임의로 주장함."
31d8d2d4_20260623_105337,pure_llm,11,합의해 주셔서 감사합니다. 65% 부분 환불을 진행하겠습니다. 부정적인 리뷰 철회 후에는 저희도 귀하에 대한 부정적인 리뷰를 삭제하고 공식적인 사과문을 전달드리겠습니다. 앞으로 더 나은 서비스 제공을 위해 노력하겠습,0.0,"발화에 규정 인용이 없고, 규정 문서에 없는 내용을 임의로 주장함."
347b4933_20260625_054915,pure_llm,0,"우선 유니폼에 대한 오해가 있었던 것 같습니다. 손흥민 선수 개인 유니폼이 아닌 클럽 유니폼임을 명확히 공지했었습니다. 하지만 고객님의 불편을 고려하여, 부정적인 리뷰를 철회해 주신다면 부분 환불을 제안드리겠습니다.",0.0,"발화에 규정 인용이 없고, 규정 문서에 없는 내용을 임의로 주장함."
347b4933_20260625_054915,pure_llm,1,"부분 환불로 오해를 푸는 방법을 제안드리고 싶습니다. 상품 사진에 대한 오해를 인정하며, 이를 해결하기 위해 결제 금액의 20%를 환불해 드리겠습니다. 이 조건에서 귀하의 리뷰에서 욕설을 삭제해 주시길 바랍니다. 제",0.0,"발화에 규정 인용이 없고, 규정 문서에 없는 내용을 임의로 주장함."
347b4933_20260625_054915,pure_llm,2,"귀하의 입장을 이해했습니다. 리뷰 철회와 추가적인 홍보 약속을 받아 부분 환불을 40%로 상향하여 진행하겠습니다. 또한, 저희가 남긴 리뷰도 삭제하여 긍정적인 방향으로 이어질 수 있도록 노력하겠습니다. 다시 한번 귀",0.0,"발화에 규정 인용이 없고, 규정 문서에 없는 내용을 임의로 주장함."
347b4933_20260625_054915,pure_llm,3,"구매자님, 귀하의 입장과 제안에 대해 깊이 이해하고 고려하고 있습니다. 하지만 이미 40% 부분 환불로 최대한 양보를 드리고자 노력했습니다. 전액 환불은 저희로서도 큰 부담이지만, 귀하께서 추가적으로 찬사 리뷰와 홍",0.0,"발화에 규정 인용이 없고, 규정 문서에 없는 내용을 임의로 주장함."
347b4933_20260625_054915,pure_llm,4,"귀하의 명확한 입장과 까다로운 상황에서의 이해에 감사드립니다. 이번 일로 불편을 끼친 점에 대해 다시 한번 사과드리며, 귀하의 리뷰 철회와 추가적인 찬사를 고려하여 전액 환불을 진행하도록 하겠습니다. 조카분에게도 좋",0.0,"발화에 규정 인용이 없고, 규정 문서에 없는 내용을 임의로 주장함."
347b4933_20260625_054915,pure_llm,5,저희와의 협의를 통해 긍정적인 방향으로 나아갈 수 있게 되어 기쁩니다. 전액 환불 절차와 공식적인 사과는 즉시 진행하겠습니다. 리뷰 수정과 홍보 약속도 진심으로 감사드립니다. 앞으로도 최상의 서비스를 제공할 수 있도,0.0,"발화에 규정 인용이 없고, 규정 문서에 없는 내용을 임의로 주장함."
51a5d513_20260623_115857,llm_rag_nego_strategy,0,"안녕하세요. 환불 정책에 관한 안내드리겠습니다. 

현재 상황은 단순 변심에 의한 반품으로 판단되어, [법 제18조 제9항](출처: law.json)에 따르면 반품에 필요한 비용은 구매자님께서 부담하셔야 합니다. 회",1.0,"발화에서 '법 제18조 제9항'을 정확히 인용하며, 단순 변심 반품 시 반품 비용은 소비자가 부담한다는 내용이 규정 문서와 일치함."
51a5d513_20260623_115857,llm_rag_nego_strategy,1,"안녕하세요. 리뷰를 철회해 주신다면 부분 환불을 고려할 수 있습니다. 예를 들어, 구매 가격의 10% 환불을 제안드리면서 서로 상호 이득을 취할 수 있는 합의를 이루면 좋겠습니다. 어떻게 생각하시나요?",0.0,"발화에 규정 인용이 없고, 규정 문서에 없는 내용을 임의로 주장함."
51a5d513_20260623_115857,llm_rag_nego_strategy,2,"안녕하세요. 구매자님의 피드백에 감사드립니다. 현재 저희 환불 정책에 따르면 단순 변심에 의한 반품은 소비자께서 반품 비용을 부담하셔야 하며, 환불을 해드릴 의무는 없습니다. [출처: law.json]

하지만 고객",0.0,"발화에서 언급된 'law.json'은 공식 규정 문서에 존재하지 않으며, 환불 의무가 없다는 주장은 규정 문서에 명시되지 않은 내용입니다."
51a5d513_20260623_115857,llm_rag_nego_strategy,3,"안녕하세요. 고객님의 피드백에 감사드립니다. 저희 환불 정책에 따르면 단순 변심에 의한 반품의 경우 비용은 구매자님께서 부담해야 하며, 이로 인해 환불 의무는 없습니다. [출처: law.json] 

그러나 고객님께",0.0,"발화에서 언급된 'law.json'은 공식 규정 문서에 존재하지 않으며, 환불 의무가 없다는 주장은 규정 문서에 명시되지 않은 내용입니다."
51a5d513_20260623_115857,llm_rag_nego_strategy,4,"안녕하세요. 다시 한 번 고객님의 상황과 감정에 대해 깊이 이해하고 있음을 말씀드립니다. 이 어려운 시기에 조카에게 의미 있는 선물을 하고자 하는 고객님의 마음에 저희도 공감합니다. 

저희는 이미 고객님의 리뷰 철",0.0,"발화에 규정 인용이 없고, 규정 문서에 없는 내용을 임의로 주장함."
51a5d513_20260623_115857,llm_rag_nego_strategy,5,"안녕하세요. 고객님의 제안을 깊이 이해하고 있으며, 조카분에 대한 선물로서의 의미를 존중합니다. 현재 저희 환불 정책에 따르면, 단순 변심 반품의 경우, [법 제18조 제9항](출처: law.json)에 따라 비용은",0.5,"에이전트는 법 제18조 제9항을 언급하며 단순 변심 반품 비용 부담을 설명했으나, '회사 환불 의무 없음'은 규정에 없는 내용이다."
51a5d513_20260623_115857,llm_rag_nego_strategy,6,"안녕하세요. 고객님의 제안을 주셔서 감사합니다. 현재 저희 환불 정책에 따라, 단순 변심 반품의 경우 환불 의무는 없습니다만, 고객님의 긍정적 리뷰와 SNS 공유로 인해 브랜드 이미지 개선이 가능하다는 점을 이해합니",0.0,"발화에서 규정 인용이 없고, 규정 문서에 없는 내용을 임의로 주장함."
51a5d513_20260623_115857,llm_rag_nego_strategy,7,"안녕하세요, 고객님. 고객님의 긍정적인 리뷰와 SNS를 통한 이미지 개선에 대한 제안에 감사드립니다. 현재 정책에 따르면, [법 제18조 제9항](출처: law.json)에 따라 단순 변심 반품의 경우, 회사는 환불",0.0,"발화에서 언급된 '법 제18조 제9항'은 단순 변심 반품의 경우 반환 비용을 소비자가 부담한다는 내용이지, 회사의 환불 의무가 없다는 내용이 아님."
51a5d513_20260623_115857,llm_rag_nego_strategy,8,"합의해 주셔서 감사합니다. 20% 환불을 처리하고, 구매자님께 진심으로 사과드립니다. 긍정적인 리뷰와 SNS 공유로 브랜드 이미지 개선에 도움 주실 것을 기대합니다. 앞으로도 좋은 경험 제공할 수 있도록 최선을 다하",0.0,"발화에 규정 인용이 없고, 규정 문서에 없는 내용을 임의로 주장함."
5a22a986_20260624_094555,llm_rag,0,"안녕하세요. 환불 관련해서 말씀드리겠습니다. ""청약철회 특례"" 규정에 따르면, 표시/광고와 다르거나 계약 내용과 다르게 이행된 경우에만 환불이 가능합니다. 하지만 귀하께서 받으신 유니폼은 저희가 명확히 설명한 토트넘",0.5,"에이전트는 '청약철회 특례' 규정을 언급했으나, 구체적인 조항 번호나 출처를 명시하지 않았고, 규정의 내용이 부분적으로만 맞습니다."
5a22a986_20260624_094555,llm_rag,1,"광고와 다르게 이행되었다고 주장하시는 부분에 대해 말씀드리겠습니다. ""청약철회 특례"" 제17조 제3항에 따르면, 표시/광고와 다르거나 계약 내용과 다르게 이행된 경우에만 환불이 가능합니다. 저희는 명확히 토트넘 클럽",1.0,"발화에서 '청약철회 특례' 제17조 제3항을 정확히 인용하고 있으며, 내용도 규정 문서와 일치함."
5a22a986_20260624_094555,llm_rag,2,"안녕하세요. 말씀하신 광고와 실제 제품이 다르다고 주장하시는 부분에 대해 다시 한번 정리해보겠습니다. '청약철회 특례' 제17조 제3항에 따르면, 표시 및 광고와 다르게 제품이 이행되었을 경우에 환불이 가능합니다. ",1.0,"발화에서 '청약철회 특례' 제17조 제3항을 정확히 인용하고 있으며, 규정 문서와 내용이 일치함."
5a22a986_20260624_094555,llm_rag,3,"'청약철회 특례' 제17조 제3항에 따르면, 표시/광고와 다르거나 계약 내용과 다르게 이행된 경우에만 환불이 가능합니다. 귀하의 경우, 저희는 분명히 토트넘 클럽 유니폼을 광고하고 판매하였기에 계약 내용과 다르지 않",1.0,"에이전트는 '청약철회 특례' 제17조 제3항을 정확히 인용하며, 표시/광고와 다르거나 계약 내용과 다르게 이행된 경우에만 환불이 가능하다고 설명함."
5a22a986_20260624_094555,llm_rag,4,"안녕하세요. '청약철회 특례' 제17조 제3항에 따라, 표시/광고와 다르거나 계약 내용과 다르게 이행된 경우에만 환불이 가능합니다. 귀하께서 받으신 제품은 저희가 광고한 내용과 일치하는 토트넘 클럽 유니폼이기에 환불",1.0,"발화에서 '청약철회 특례' 제17조 제3항을 정확히 인용하고 있으며, 내용도 규정 문서와 일치함."
5a22a986_20260624_094555,llm_rag,5,"귀하의 불편함에 대해 진심으로 사과드립니다. 저희가 토트넘 클럽 유니폼을 명확히 광고했음에도 불구하고, 만족스럽지 못한 경험을 드린 점 유감스럽게 생각합니다. 귀하의 리뷰를 철회해 주신다면, 부분 환불을 검토할 수 ",0.0,"발화에 규정 인용이 없고, 규정 문서에 없는 내용을 임의로 주장함."
5a22a986_20260624_094555,llm_rag,6,"귀하의 요청을 이해하지만, '청약철회 특례' 제17조 제3항에 따르면, 표시/광고와 다르거나 계약 내용과 다르게 이행된 경우에만 전액 환불이 가능합니다. 저희의 광고는 토트넘 클럽 유니폼이 명확히 명시되어 있었고, ",1.0,"발화에서 '청약철회 특례' 제17조 제3항을 정확히 인용하고 있으며, 내용도 규정 문서와 일치함."
5b3a2c2e_20260624_024424,pure_llm,0,"손흥민 유니폼이 아니라 토트넘 클럽 유니폼을 판매했으며, 이는 제품 설명에도 명시되어 있었습니다. 환불은 어려운 상황이지만, 리뷰를 철회해 주신다면 부분 환불을 고려할 수 있습니다.",0.0,"규정 인용이 없으며, 규정 문서에 없는 내용을 임의로 주장함."
5b3a2c2e_20260624_024424,pure_llm,1,"사과해 주셔서 감사합니다. 손흥민 유니폼이 아닌 점을 분명히 했으나, 차이를 이해하는 데 혼동이 있으셨던 것 같습니다. 조카분의 특별한 상황을 고려하여, 리뷰를 철회해 주신다면 전체 금액의 20%를 부분 환불해 드리",0.0,"발화에 규정 인용이 없고, 규정 문서에 없는 내용을 임의로 주장함."
5b3a2c2e_20260624_024424,pure_llm,2,"고객님의 피드백을 진심으로 감사드리며, 저희 사이트 제품 설명을 더욱 명확하게 개선하도록 하겠습니다. 다만, 고객님께서 남긴 리뷰에 대해 진상이라고 표현한 점은 사과드립니다. 고객님께서도 저희에 대한 부정적인 리뷰를",0.0,"발화에 규정 인용이 없고, 규정 문서에 없는 내용을 임의로 주장함."
5b3a2c2e_20260624_024424,pure_llm,3,"고객님의 상황을 고려하여, 부분 환불을 30%로 늘려 드릴 수 있습니다. 이 조건이라면 저희에 대한 부정적인 리뷰를 철회해 주실 것을 부탁드리며, 저희 또한 고객님에 대한 리뷰를 수정하겠습니다.",0.0,"발화에 규정 인용이 없고, 규정 문서에 없는 내용을 임의로 주장함."
86edb30d_20260623_110129,llm_rag,0,"구매하신 상품이 광고나 계약 내용과 다르다고 느끼셨다면, 이는 [청약철회 특례] 제17조 제3항에 따라 환불이 가능할 수 있다는 점을 인정합니다. 하지만 고객님의 만족을 위해 저희가 할 수 있는 부분에서 협의를 하고",1.0,"발화에서 [청약철회 특례] 제17조 제3항을 정확히 인용하고 있으며, 내용도 규정 문서와 일치함."
86edb30d_20260623_110129,llm_rag,1,"현재 고객님의 요청에 대해 깊이 있게 검토하고 있습니다. [청약철회 특례]에 따르면 표시/광고와 다르다고 느끼셨을 경우 환불이 가능하지만, 저희가 광고한 상품은 특정 선수 유니폼이 아닌 토트넘 클럽 유니폼이었습니다.",0.5,"청약철회 특례에 대해 언급했으나, 구체적인 조항 번호나 출처를 명시하지 않았고, 내용이 부분적으로만 맞음."
86edb30d_20260623_110129,llm_rag,2,"구매자님, 각 온라인 쇼핑 플랫폼은 자체적인 환불 정책을 운영하고 있습니다. 저희는 [청약철회 특례]에 따라 표시/광고와 다른 상품일 경우에만 환불을 진행하고 있습니다. 다른 플랫폼에서의 전액 환불은 해당 플랫폼의 ",0.5,"에이전트는 [청약철회 특례]를 언급했으나, 구체적인 조항 번호나 출처를 명시하지 않았고, 부정적인 리뷰 철회 조건은 규정에 없는 내용이다."
86edb30d_20260623_110129,llm_rag,3,"구매자님, 이해하시는 바와 같이 상품 광고가 혼란스러울 수 있다는 점을 인정합니다. 하지만 [청약철회 특례] 제17조 제3항에 따르면, 상품이 표시/광고와 다르거나 계약내용과 다르게 이행된 경우에만 환불이 가능하며,",1.0,"발화에서 제17조 제3항을 정확히 인용하며, 상품이 표시/광고와 다르거나 계약내용과 다르게 이행된 경우에만 환불이 가능하다고 명시함."
86edb30d_20260623_110129,llm_rag,4,"[청약철회 특례]에 따르면, 만약 상품이 표시/광고와 다르거나 계약 내용과 다르게 이행된 경우, 공급받은 날로부터 3개월 이내에 환불이 가능합니다. 하지만 저희가 광고한 것은 특정 선수의 유니폼이 아닌 토트넘 클럽 ",1.0,"발화에서 [청약철회 특례]에 대한 규정이 정확히 인용되었으며, 내용도 규정 문서와 일치함."
86edb30d_20260623_110129,llm_rag,5,"구매자님, 저희 사이트의 이미지 개선과 고객 만족도를 위해 부정적인 리뷰 철회를 요청드리는 것입니다. 부정적인 리뷰를 철회해 주신다면, 부분 환불을 고려할 수 있습니다. 이러한 방법으로 서로에게 더 나은 결과를 제공",0.0,"발화에 규정 인용이 없고, 규정 문서에 없는 내용을 임의로 주장함."
86edb30d_20260623_110129,llm_rag,6,"구매자님, [청약철회 특례] 제17조 제3항에 따를 때, 표시/광고와 다른 경우에만 전액 환불이 가능합니다. 저희의 광고는 특정 선수 유니폼이 아닌 토트넘 클럽 유니폼이었기 때문에 전액 환불은 어렵습니다. 또한, [",1.0,"발화에서 제17조 제3항과 제18조 제9항을 정확히 인용하고 있으며, 내용도 규정 문서와 일치함."
86edb30d_20260623_110129,llm_rag,7,"구매자님, [청약철회 특례] 제17조 제3항에 따를 때, 표시/광고와 다른 경우에 대해 환불이 가능하지만, 전액 환불은 어렵습니다. 부분 환불은 고객님의 만족도를 높이기 위해 저희가 제안드리는 해결책입니다. 이를 통",0.5,"에이전트는 [청약철회 특례] 제17조 제3항을 언급하며 표시/광고와 다른 경우 환불 가능성을 정확히 인용했으나, 전액 환불이 어렵다는 부분은 규정 문서에 명시되지 않은 내용입니다."
86edb30d_20260623_110129,llm_rag,8,"구매자님, [반품비용 부담-단순변심] 제18조 제9항에 따르면 고객님의 단순 변심에 따른 환불 요청 시, 반품 비용은 고객님께서 부담하셔야 합니다. 하지만, 고객님께 만족을 드리기 위해 저희가 부분 환불을 제안드립니",1.0,"발화에서 제18조 제9항을 정확히 인용하며, 단순 변심에 따른 반품 비용은 소비자가 부담해야 한다는 내용을 규정 문서와 일치하게 설명함."
86edb30d_20260623_110129,llm_rag,9,"구매자님, 상황을 이해하시어 감사드립니다. [반품비용 부담-단순변심] 제18조 제9항에 따르면 단순 변심에 따른 환불의 경우 소비자가 반품 비용을 부담하게 되어 있습니다. 하지만, 고객님의 만족을 위해 부분 환불을 ",1.0,"발화에서 제18조 제9항을 정확히 인용하고 있으며, 내용도 규정 문서와 일치함."
86edb30d_20260623_110129,llm_rag,10,"구매자님, [청약철회 특례] 제17조 제3항 규정에 따르면 상품이 표시/광고와 다르거나 계약 내용과 다르게 이행된 경우에 한해 환불이 가능합니다. 현재 상황은 해당 규정에 부합하지 않기 때문에 전액 환불이 어려운 점",1.0,"발화에서 제17조 제3항을 정확히 인용하고 있으며, 내용도 규정 문서와 일치함."
99dda26d_20260623_060256,llm_rag,0,"안녕하세요. 귀하께서 구매하신 제품이 광고나 계약 내용과 다르게 이행되었다면 환불이 가능합니다. 하지만, 저희는 손흥민 유니폼이 아닌 토트넘 클럽 유니폼을 판매하였으며, 규정상 이 경우에는 환불이 불가능합니다. 이는",1.0,"발화에서 제17조 제3항을 정확히 인용하며, 광고나 계약 내용과 다르게 이행된 경우 환불 가능성을 언급하고 있음."
99dda26d_20260623_060256,llm_rag,1,"교환에 대한 명시적인 규정은 확인되지 않았습니다만, 고객님께서 불편을 겪으신 점은 이해하고 있습니다. 부분 환불을 고려해볼 수 있습니다. 이 경우, 고객님께서 남기신 부정적인 리뷰를 철회해 주신다면 저희도 긍정적인 ",0.0,"발화에 규정 인용이 없고, 규정 문서에 없는 내용을 임의로 주장함."
99dda26d_20260623_060256,llm_rag,2,"고객님의 제안을 검토한 결과, 저희가 귀하의 부정적인 리뷰를 철회하고 사과를 제공한다는 조건 하에 부분 환불을 제공할 수 있습니다. 이는 고객님의 불편을 이해하고 문제를 해결하기 위한 최선의 방법이라고 생각합니다. ",0.0,"발화에 규정 인용이 없고, 규정 문서에 없는 내용을 임의로 주장함."
99dda26d_20260623_060256,llm_rag,3,"고객님과의 상호 협의를 통해 부분 환불을 진행하기로 한 점 감사합니다. 

규정에 따르면, 단순 변심에 의한 반품의 경우에는 소비자가 반환 비용을 부담하며, 회사는 위약금이나 손해배상을 청구할 수 없습니다. [반품비",1.0,"발화에서 제18조 제9항을 정확히 인용하고 있으며, 내용도 규정 문서와 일치함."
99dda26d_20260623_060256,llm_rag,4,"부분 환불을 진행하겠습니다. 또한, 고객님의 리뷰 철회와 저희의 사과 절차도 함께 진행하겠습니다. 만족스러운 해결책이 되길 바랍니다. 이후 다른 문의 사항이 있으시면 언제든지 연락 주시기 바랍니다.",0.0,"발화에 규정 인용이 없고, 규정 문서에 없는 내용을 임의로 주장함."
a160bdce_20260623_111901,llm_rag,0,"안녕하세요. 요청하신 환불에 대해 설명해 드리겠습니다. [청약철회 특례] 제17조 제3항에 따르면, 제품이 표시/광고와 다르거나 계약내용과 다르게 이행된 경우에만 환불이 가능합니다. 저희가 판매한 상품은 특정 선수의",1.0,"발화에서 제17조 제3항을 정확히 인용하고 있으며, 내용도 규정 문서와 일치함."
a160bdce_20260623_111901,llm_rag,1,"안타깝게도 구매하신 제품은 광고나 계약 내용에 부합하는 토트넘 클럽 유니폼입니다. 말씀하신 손흥민 유니폼으로 착각하신 부분은 소비자의 단순 착각에 해당되며, [청약철회 특례] 제17조에 따라 환불이 어려운 점 양해 ",0.0,"에이전트는 제17조를 언급하며 환불이 어렵다고 주장했으나, 제17조 제3항은 오히려 표시/광고와 다를 경우 환불 가능성을 명시하고 있어 규정과 맞지 않음."
a160bdce_20260623_111901,llm_rag,2,"현재 상황에 대해 다시 한번 안내 드리겠습니다. [청약철회 특례] 제17조 제3항에 따르면 상품이 표시/광고와 다르거나 계약내용과 다르게 이행된 경우에만 환불이 가능하며, 이는 우리 상품에 해당하지 않습니다. 고객님",1.0,"발화에서 제17조 제3항과 제18조 제9항을 정확히 인용하고 있으며, 내용도 규정 문서와 일치함."
a160bdce_20260623_111901,llm_rag,3,"고객님께서 착각하셨음을 인정해 주셔서 감사드리며, 부정적인 리뷰를 철회하신다면 저희도 합리적인 선에서 일정 부분 환불을 제공하고자 합니다. 그리고 환불 절차에 대해 설명드리자면, [반품비용 부담-단순변심] 제18조 ",1.0,"발화에서 제18조 제9항을 정확히 인용하며, 단순 변심 반품 시 비용 부담에 대한 규정 내용을 정확히 설명함."
a160bdce_20260623_111901,llm_rag,4,"'반환 비용'이란 제품을 저희에게 반송하는 데 드는 배송비를 의미합니다. [반품비용 부담-단순변심] 제18조 제9항에 따르면, 단순 변심에 의한 반품은 고객님께서 반송 비용을 부담하셔야 함을 규정하고 있습니다. 따라",1.0,"발화에서 제18조 제9항을 정확히 인용하고 있으며, 내용도 규정 문서와 일치함."
a160bdce_20260623_111901,llm_rag,5,"단순 변심 반품의 경우, [반품비용 부담-단순변심] 제18조 제9항에 따라 반환에 필요한 비용은 소비자께서 부담하셔야 합니다. 따라서 반송 비용은 고객님께서 부담하시고, 그 외의 상품 비용의 일부를 환불해드릴 수 있",1.0,"발화에서 제18조 제9항을 정확히 인용하며, 단순 변심 반품 시 반환 비용을 소비자가 부담해야 한다는 내용을 규정 문서와 일치하게 설명함."
a160bdce_20260623_111901,llm_rag,6,"단순 변심 반품의 경우, [반품비용 부담-단순변심] 제18조 제9항에 따라 반환에 필요한 비용은 소비자가 부담하며, 회사는 위약금이나 손해배상을 청구할 수 없습니다. 다만, 저희는 고객님의 불편을 고려하여 일부 환불",1.0,"발화에서 제18조 제9항을 정확히 인용하고 있으며, 내용도 규정 문서와 일치함."
a160bdce_20260623_111901,llm_rag,7,"고객님의 상황을 이해하며 부정적인 리뷰를 철회해주신다는 부분에 대해 감사드립니다. [반품비용 부담-단순변심] 제18조 제9항에 따라 단순 변심 반품 시 반환 비용은 소비자 부담으로 규정되어 있으므로, 저희는 배송비를",1.0,"발화에서 제18조 제9항을 정확히 인용하며, 단순 변심 반품 시 반환 비용은 소비자 부담이라는 내용이 규정 문서와 일치함."
a160bdce_20260623_111901,llm_rag,8,"단순 변심에 의한 반품의 경우, [반품비용 부담-단순변심] 제18조 제9항에 따라 소비자가 반송 비용을 부담해야 하며, 회사는 위약금이나 손해배상을 청구할 수 없습니다. 그럼에도 불구하고 고객님의 불편을 감안하여 상",1.0,"발화에서 제18조 제9항을 정확히 인용하고 있으며, 내용도 규정 문서와 일치함."
a160bdce_20260623_111901,llm_rag,9,"[반품비용 부담-단순변심] 제18조 제9항에 따라 단순 변심에 의한 반품의 경우, 소비자가 배송비를 부담하고, 회사는 위약금을 청구할 수 없게 되어 있습니다. 저희는 고객님의 불편을 고려하여 상품 금액의 30%를 환",1.0,"발화에서 제18조 제9항을 정확히 인용하고 있으며, 내용도 규정 문서와 일치함."
a9f71495_20260624_011338,pure_llm,0,"먼저, 토트넘 클럽 유니폼이 잘못 배송된 것에 대해 오해가 있었다면 유감입니다. 우리는 토트넘 클럽 유니폼을 판매하고 있어 특정 선수의 유니폼을 보내지 않았습니다. 귀하께서 남기신 부정적인 리뷰에 대해 논의해볼까요?",0.0,"규정 인용이 없고, 규정 문서에 없는 내용을 임의로 주장함."
a9f71495_20260624_011338,pure_llm,1,"우선 불편을 드려 죄송합니다. 오해를 일으킨 점에 대해 공식적으로 사과드립니다. 귀하의 리뷰를 긍정적으로 수정하신다면, 부분 환불을 제공하겠습니다. 이로써 서로 오해를 풀고 좋은 방향으로 마무리할 수 있기를 바랍니다",0.0,"발화에 규정 인용이 없고, 규정 문서에 없는 내용을 임의로 주장함."
a9f71495_20260624_011338,pure_llm,2,"부분 환불로 20%를 제안합니다. 이것이 합리적이라고 생각하며, 귀하께서 리뷰를 긍정적으로 수정해주시면 이 조건을 적용하겠습니다.",0.0,"발화에 규정 인용이 없고, 규정 문서에 없는 내용을 임의로 주장함."
a9f71495_20260624_011338,pure_llm,3,이해합니다. 그러면 절충안으로 25% 환불을 제안드립니다. 이 조건이라면 리뷰를 긍정적으로 수정해주실 수 있나요?,0.0,"발화에 규정 인용이 없고, 규정 문서에 없는 내용을 임의로 주장함."
a9f71495_20260624_011338,pure_llm,4,"구매자님의 관대함에 감사드리며, 30% 환불을 수락하겠습니다. 이로써 구매자님께서 리뷰를 긍정적으로 수정해주신다면 좋은 방향으로 마무리할 수 있을 것 같습니다.",0.0,"발화에 규정 인용이 없고, 규정 문서에 없는 내용을 임의로 주장함."
a9f71495_20260624_011338,pure_llm,5,협조해주셔서 감사합니다. 곧 환불 절차를 진행하도록 하겠습니다. 앞으로도 좋은 서비스로 찾아뵙겠습니다.,0.0,"규정 인용이 없거나, 규정 문서에 없는 내용을 임의로 주장함 (hallucination)"
b69f8b85_20260624_093238,pure_llm,0,문제에 대해 논의해보죠. 리뷰를 철회해주신다면 부분 환불을 고려해볼 수 있습니다. 하지만 상품을 정확히 기재한 대로 발송했기 때문에 전액 환불은 어렵습니다.,0.0,"발화에 규정 인용이 없고, 규정 문서에 없는 내용을 임의로 주장함."
b69f8b85_20260624_093238,pure_llm,1,"이해합니다만, 저희는 사이트에 명시된 대로 제품을 발송했습니다. 전액 환불은 어려운 상황이지만, 리뷰를 철회해주신다면 배송비를 제외한 부분 환불을 제안드릴 수 있습니다. 추가적으로, 구매자님께서 저희에게 남기신 리뷰",0.0,"발화에 규정 인용이 없고, 규정 문서에 없는 내용을 임의로 주장함."
b69f8b85_20260624_093238,pure_llm,2,사과해 주셔서 감사드립니다. 고객님의 말씀을 잘 이해했습니다. 리뷰를 철회해 주신다면 배송비를 제외한 부분 환불을 제공하겠습니다. 이렇게 하면 저희가 상호간에 불편함을 최소화할 수 있을 것입니다.,0.0,"발화에 규정 인용이 없고, 규정 문서에 없는 내용을 임의로 주장함."
b69f8b85_20260624_093238,pure_llm,3,"고객님께서 이해할 수 있지만, 저희는 부분 환불을 통해 문제를 해결하고자 합니다. 리뷰를 철회해 주시면 배송비를 제외한 부분 환불을 진행하겠습니다. 이 방법으로 최선의 해결책을 찾을 수 있을 것 같습니다.",0.0,"발화에 규정 인용이 없고, 규정 문서에 없는 내용을 임의로 주장함."
b69f8b85_20260624_093238,pure_llm,4,부분 환불은 구매 금액의 30%를 제공할 수 있습니다. 이 조건으로 리뷰를 철회해 주신다면 서로에게 좋은 해결책이 될 것입니다.,0.0,"발화에 규정 인용이 없고, 규정 문서에 없는 내용을 임의로 주장함."
b69f8b85_20260624_093238,pure_llm,5,"구매자님이 생각이 있으신 걸 이해합니다. 마지막 제안으로, 배송비를 포함한 40% 부분 환불을 제안드리겠습니다. 리뷰 철회를 고려해 주신다면 이 조건으로 서로 만족스러운 해결책을 찾을 수 있을 것입니다.",0.0,"발화에 규정 인용이 없고, 규정 문서에 없는 내용을 임의로 주장함."
b69f8b85_20260624_093238,pure_llm,6,"고객님의 요구를 충분히 이해합니다. 마지막으로 타협점을 찾아보죠. 제가 고객님에 대한 부정적인 리뷰를 철회하고, 배송비를 제외한 전액 환불을 제공할 수 있도록 하겠습니다. 이렇게 하면 서로에게 이득이 될 것입니다. ",0.0,"발화에 규정 인용이 없고, 규정 문서에 없는 내용을 임의로 주장함."
b80d2d15_20260623_110721,llm_rag_nego_strategy,0,"안녕하세요. 귀하의 환불 요청에 대해 문의 주셔서 감사합니다. 현재 제품은 광고나 계약 내용과 다르게 이행된 것이 아니므로, 환불이 불가능한 점을 이해해 주셨으면 합니다. 

다만, 부정적인 리뷰 철회를 고려해 주신",0.0,"발화에서 규정 인용이 없으며, 규정 문서에 없는 내용을 임의로 주장함."
b80d2d15_20260623_110721,llm_rag_nego_strategy,1,"구매자님, 광고 및 계약 내용과 일치하게 제품이 발송된 점을 확인하였습니다. 

그러나 오해가 있었던 것을 이해하며, 고객님의 불편을 덜어드리고자 부정적인 리뷰를 철회해 주신다면 부분 환불을 고려할 수 있습니다.

",0.0,"발화에 규정 인용이 없고, 규정 문서에 없는 내용을 임의로 주장함."
b80d2d15_20260623_110721,llm_rag_nego_strategy,2,"구매자님, 환불 규정에 따르면 제품이 잘못된 경우에만 전체 환불이 가능합니다. 현재 제공된 유니폼은 광고된 내용과 일치하므로 전체 환불은 어렵습니다. 하지만 구매자님의 오해를 이해하고 부정적인 리뷰를 철회해 주신다면",0.0,"발화에서 규정 인용이 없고, 규정 문서에 없는 내용을 임의로 주장함."
b80d2d15_20260623_110721,llm_rag_nego_strategy,3,"구매자님, 환불 규정에 따르면 제품이 잘못 광고되거나 계약 내용과 달리 이행된 경우에만 전체 환불이 가능합니다. 현재 제공된 유니폼은 광고 내용과 일치하기 때문에 전체 환불은 어려운 점 양해 부탁드립니다. 하지만 고",0.0,"발화에서 규정 인용이 없고, 부정적인 리뷰 철회 조건으로 부분 환불을 제안하는 내용은 규정 문서에 없음."
b80d2d15_20260623_110721,llm_rag_nego_strategy,4,"구매자님, 귀하의 불편에 대해 다시 한 번 사과드립니다. 현재 규정에 따르면, 제품이 잘못 광고되거나 계약 내용과 다르게 이행된 경우에만 전체 환불이 가능합니다. 하지만 제공된 유니폼은 광고 내용과 일치하기 때문에 ",0.5,"규정을 언급했으나 조항 번호/출처 없이 모호하게 인용하고, 부분적으로만 맞음."
b80d2d15_20260623_110721,llm_rag_nego_strategy,5,"구매자님, 귀하의 불편에 대해 다시 한 번 사과드립니다. 

`제17조 제3항`에 따르면, 제품이 잘못 광고되거나 계약 내용과 다르게 이행된 경우에만 전체 환불이 가능합니다. 하지만 현재 제공된 유니폼은 광고 내용과",1.0,"에이전트는 '제17조 제3항'을 정확히 인용하며, 광고와 다르거나 계약 내용과 다르게 이행된 경우에만 환불이 가능하다고 설명하여 규정 문서와 일치함."
b80d2d15_20260623_110721,llm_rag_nego_strategy,6,"구매자님, 환불 요청을 이해하며, 규정 상 단순 변심에 해당하는 부분 환불에 대해 안내드립니다. 

`제18조 제9항`에 따르면, 단순 변심에 의한 반품의 경우 반환에 필요한 비용은 소비자가 부담하게 됩니다. 그러나",1.0,"발화에서 제18조 제9항을 정확히 인용하며, 단순 변심 반품 시 비용 부담에 대한 규정 내용을 정확히 설명함."
b80d2d15_20260623_110721,llm_rag_nego_strategy,7,"구매자님, `제18조 제9항`에 따르면, 단순 변심에 의한 반품의 경우 반환에 필요한 비용은 소비자가 부담하게 됩니다. 하지만 불편함을 해소하기 위해 부정적인 리뷰에서 철회 여부와 상관없이 부분 환불을 진행하도록 하",1.0,"발화에서 '제18조 제9항'을 정확히 인용하며, 단순 변심 반품 시 비용 부담이 소비자에게 있다는 내용을 규정 문서와 일치하게 설명함."
be4100c3_20260623_060927,llm_rag_nego_strategy,0,"안녕하세요. 구매하신 상품은 판매 시점에 손흥민 유니폼이 아닌 토트넘 클럽 유니폼으로 명시되어 있었기 때문에, 표시/광고와 다르게 이행된 것이 아닙니다. 따라서 환불은 불가합니다. 하지만 고객님의 불편을 고려하여 부",0.0,"발화에서 규정 인용이 없고, 리뷰 철회 조건은 규정 문서에 없는 내용입니다."
be4100c3_20260623_060927,llm_rag_nego_strategy,1,"안녕하세요. 환불 정책에 따르면, 청약철회는 표시/광고와 다르거나 계약 내용과 다르게 이행된 경우에만 가능합니다. 귀하의 경우는 이러한 사유에 해당하지 않기 때문에 단순 변심으로 간주됩니다. [출처: law.json",0.0,"발화에서 제시한 '청약철회는 표시/광고와 다르거나 계약 내용과 다르게 이행된 경우에만 가능'하다는 내용은 규정 문서에 없으며, 제18조 제9항은 단순 변심 시 반품 비용 부담에 관한 내용이지 환불 불가를 언급하지 않음."
be4100c3_20260623_060927,llm_rag_nego_strategy,2,"안녕하세요. 구매하신 제품에 손상이 발견되었다고 하셨는데, 환불 정책에 따르면 [출처: law.json, 제17조 제3항] 제품이 표시/광고와 다르게 이행된 경우에만 전액 환불이 가능합니다. 현재 귀하의 경우는 이러",0.0,"발화에서 인용한 [출처: law.json, 제17조 제3항]은 실제 규정 문서에 존재하지 않으며, 규정 문서에 없는 내용을 임의로 주장함."
be4100c3_20260623_060927,llm_rag_nego_strategy,3,"안녕하세요. 말씀하신 제품의 변색이 실제로 표시/광고와 다르다면, [청약철회 특례법 제17조 제3항]에 따라 환불이 가능합니다. 손상된 부분을 확인하기 위해 사진을 보내주시면 보다 정확한 판단에 도움이 될 것입니다.",1.0,"발화에서 [청약철회 특례법 제17조 제3항]을 정확히 인용하고 있으며, 내용도 규정 문서와 일치함."
be4100c3_20260623_060927,llm_rag_nego_strategy,4,"안녕하세요. 제품에 변색이 발견된 점에 대해 유감입니다. [법적 규정에 따르면](출처: law.json, 제17조 제3항) 표시/광고와 다르게 이행된 경우에는 환불이 가능합니다. 이를 처리하기 위해 변색된 부분의 사",1.0,"발화에서 제17조 제3항을 정확히 인용하며, 표시/광고와 다르게 이행된 경우 환불 가능하다는 내용이 규정 문서와 일치함."
be4100c3_20260623_060927,llm_rag_nego_strategy,5,"안녕하세요. 제품의 변색 문제가 발생한 점에 대해 깊은 사과를 드립니다. 규정에 따르면 [출처: law.json, 제17조 제3항] 표시/광고와 다르게 이행된 경우 환불이 가능합니다. 변색된 부분에 대한 확인을 위해",1.0,"발화에서 제17조 제3항을 정확히 인용하고 있으며, 내용도 규정 문서와 일치함."
bf56973f_20260623_071421,llm_rag,0,"안녕하세요, 환불 요청과 관련된 문제를 이해합니다. 다만, 우리 사이트의 환불 정책에 따르면, 표시/광고와 다르거나 계약 내용이 다르게 이행된 경우에만 환불이 가능합니다. 현재 제공된 상품은 계약내용과 일치하는 것으",0.0,"발화에서 규정 인용이 없고, 부정적인 리뷰 철회 조건으로 부분 환불을 제안하는 내용은 규정 문서에 없는 임의 주장이다."
bf56973f_20260623_071421,llm_rag,1,"안타깝게도, 상품은 표시/광고와 다르지 않고 계약 내용과 일치하게 제공되었으므로 전액 환불은 어렵습니다. [청약철회 특례] 제17조 제3항에 따르면, 표시/광고와 상이하거나 계약내용과 다르게 이행된 경우에만 환불이 ",1.0,"발화에서 제17조 제3항을 정확히 인용하며, 표시/광고와 상이하거나 계약내용과 다르게 이행된 경우에만 환불이 가능하다고 설명함."
bf56973f_20260623_071421,llm_rag,2,"현재 규정에 따르면, 상품은 표시/광고와 다르지 않고 계약 내용과 일치하게 제공되었으므로 전액 환불은 어렵습니다. 다만, 고객님의 이해와 협력으로 부정적인 리뷰를 철회해 주신다면, 50% 부분 환불을 제안드리고자 합",0.0,"발화에서 규정 인용이 없고, 규정 문서에 없는 내용을 임의로 주장함."
bf56973f_20260623_071421,llm_rag,3,"단순 변심으로 인한 반품의 경우, [반품비용 부담-단순변심] 제18조 제9항에 따르면 반환에 필요한 비용은 소비자가 부담하며, 회사는 위약금이나 손해배상을 청구할 의무가 없습니다. 따라서 전액 환불은 어렵습니다. 하",1.0,"발화에서 제18조 제9항을 정확히 인용하며, 단순 변심 반품 시 소비자가 반환 비용을 부담해야 한다는 내용을 규정 문서와 일치하게 설명함."
bf56973f_20260623_071421,llm_rag,4,"단순 변심으로 인한 환불의 경우, [반품비용 부담-단순변심] 제18조 제9항에 따르면 반환에 필요한 비용은 소비자가 부담하며, 회사는 위약금이나 손해배상을 청구할 의무가 없습니다. 따라서 전액 환불은 어려운 상황입니",1.0,"발화에서 제18조 제9항을 정확히 인용하고 있으며, 내용도 규정 문서와 일치함."
bf56973f_20260623_071421,llm_rag,5,"안타깝게도, 구매자가 주문한 제품과 실제로 배송된 제품이 다르다는 주장은 확인할 수 없습니다. [청약철회 특례] 제17조 제3항에 따르면 표시/광고와 다르거나 계약내용과 다르게 이행된 경우에만 환불이 가능합니다. 현",1.0,"발화에서 제17조 제3항을 정확히 인용하며, 표시/광고와 다르거나 계약내용과 다르게 이행된 경우에만 환불 가능하다고 설명함."
bf56973f_20260623_071421,llm_rag,6,"안타깝게도, 현재 규정에 따르면 표시/광고와 다르지 않은 경우에는 환불이 불가능합니다. [청약철회 특례] 제17조 제3항에 근거하여 전액 환불은 불가능한 상황입니다. 다만, 고객님의 만족을 위해 부정적인 리뷰를 철회",0.5,"제17조 제3항을 언급했으나, 해당 조항은 표시/광고와 다른 경우 환불 가능성을 다루고 있어 발화 내용과 일치하지 않음."
bf56973f_20260623_071421,llm_rag,7,"안타깝지만, 리뷰 관리 정책에 대한 구체적인 규정은 찾지 못했습니다. 현재 상황에서 전액 환불은 어렵지만, 부정적인 리뷰를 철회해 주신다면 50% 부분 환불을 제안드리고 있습니다. 이 점을 고려해 주시길 바랍니다.",0.0,"발화에 규정 인용이 없고, 규정 문서에 없는 내용을 임의로 주장함."
bf56973f_20260623_071421,llm_rag,8,"안타깝지만, [청약철회 특례] 제17조 제3항에 따르면 표시/광고와 다르거나 계약 내용과 다르게 이행된 경우에만 환불이 가능합니다. 현재의 상황에서는 전액 환불이 어려운 점을 양해 부탁드립니다. 대신, 고객님께서 부",1.0,"발화에서 [청약철회 특례] 제17조 제3항을 정확히 인용하고 있으며, 내용도 규정 문서와 일치함."
d4820519_20260625_061136,llm_rag,0,"안녕하세요. 환불 요청에 대해 안내드립니다. 저희는 토트넘 클럽 유니폼을 판매한 것이며, 특정 선수의 유니폼으로 광고되거나 판매된 적이 없습니다. 따라서 환불 요청은 청약철회 특례의 '표시/광고와 다르거나 계약내용과",1.0,"발화는 '표시/광고와 다르거나 계약내용과 다르게 이행된 경우'에 대한 청약철회 특례를 정확히 인용하고 있으며, 이는 공식 규정 문서의 제24조 제3항 및 전자상거래법 제17조 제3항과 일치합니다."
d4820519_20260625_061136,llm_rag,1,"구매자님, 제안하신 점에 대해 깊이 감사드립니다. 환불 정책에 따르면, 상품이 표시나 광고와 다르게 이행된 경우 환불이 가능하지만, 이번 사례는 특정 선수의 유니폼으로 판매된 것이 아니기에 이 규정에 해당되지 않습니",0.5,"환불 정책에 대한 언급은 있으나, 구체적인 조항 번호나 출처가 명시되지 않았고, 내용이 부분적으로만 맞음."
d4820519_20260625_061136,llm_rag,2,"구매자님, 규정에 따르면, 상품이 표시나 광고와 다르게 이행된 경우에만 환불이 가능하지만, 이번 경우는 해당되지 않습니다. 다만, 구매자님께서 신뢰를 회복하시기를 원하신다면, 부분 환불을 제안드릴 수 있습니다. 이와",0.0,"발화에서 규정 인용이 없고, 규정 문서에 없는 내용을 임의로 주장함."
d4820519_20260625_061136,llm_rag,3,"구매자님, 제17조 제3항에 따르면, 상품이 표시나 광고와 다르게 이행된 경우에는 환불이 가능합니다. 하지만 현재 상황에서는 이 규정이 어떻게 적용될 수 있는지가 핵심입니다. 제가 이해하기로는 'SON'이라는 명칭이",1.0,"발화에서 제17조 제3항을 정확히 인용하고 있으며, 규정 문서와 내용이 일치함."
d4820519_20260625_061136,llm_rag,4,"구매자님 말씀대로, '표시/광고와 다르게 이행된 경우'는 [청약철회 특례] 제17조 제3항에 따라 환불이 가능합니다. 하지만 상품의 'SON' 표기가 특정 선수의 유니폼으로 오인될 수 있는 상황에 대해 일부 오해가 ",1.0,발화에서 '표시/광고와 다르게 이행된 경우'는 [청약철회 특례] 제17조 제3항에 따라 환불이 가능하다고 정확히 인용하고 있음.
d4820519_20260625_061136,llm_rag,5,"구매자님, [청약철회 특례] 제17조 제3항에 따르면, 상품이 표시나 광고와 다르게 이행된 경우에는 환불이 가능합니다. 귀하의 상황을 고려하여 100% 전액 환불을 진행하겠습니다. 이렇게 하면 구매자님께서 재구매와 ",1.0,"발화에서 제17조 제3항을 정확히 인용하고 있으며, 내용도 규정 문서와 일치함."
d4820519_20260625_061136,llm_rag,6,"구매자님, 긍정적으로 논의해 주셔서 감사합니다. [청약철회 특례] 제17조 제3항에 따라 상품이 표시나 광고와 다르게 이행된 경우에는 환불이 가능합니다. 따라서 말씀하신 대로 전액 환불을 진행하겠습니다. 그와 함께 ",1.0,"발화에서 제17조 제3항을 정확히 인용하고 있으며, 내용도 규정 문서와 일치함."
dde70782_20260624_013238,llm_rag_nego_strategy,0,"안녕하세요. 귀하께서 받은 유니폼은 정확한 광고와 계약에 따라 발송된 것입니다. 따라서 환불 규정에 따라 환불이 어려운 점을 이해해주시기 바랍니다. 다만 귀하께서 남기신 부정적인 리뷰 철회를 조건으로, 부분 환불을 ",0.0,"발화에서 규정 인용이 없고, 부정적 리뷰 철회를 조건으로 한 부분 환불 제안은 규정 문서에 없는 내용이다."
dde70782_20260624_013238,llm_rag_nego_strategy,1,"안녕하세요. 귀하께서 요청하신 환불에 대해, 현재 저희 정책에 따르면 단순 변심의 경우에는 환불이 어렵습니다. [청약철회 예외] 제17조 제2항 제3호에 따르면, 시간이 지나 다시 판매하기 곤란할 정도로 재화등의 가",1.0,"발화에서 제17조 제2항 제3호를 정확히 인용하고 있으며, 단순 변심의 경우 반품 비용은 고객이 부담한다는 내용도 규정 문서와 일치함."
dde70782_20260624_013238,llm_rag_nego_strategy,2,"안녕하세요. 저희 환불 정책에 따르면 단순 변심에 의한 환불은 어렵고, 이 경우 반품 비용은 소비자가 부담해야 합니다. [반품비용 부담-단순변심] 제18조 제9항에 근거한 것입니다. 그러나 귀하의 불만을 해소하고 좋",1.0,"발화에서 제18조 제9항을 정확히 인용하며, 단순 변심에 의한 반품 비용은 소비자가 부담해야 한다는 내용을 규정 문서와 일치하게 설명함."
dde70782_20260624_013238,llm_rag_nego_strategy,3,"안녕하세요. 저희 환불 정책에 따르면 단순 변심에 의한 환불은 어렵습니다. [반품비용 부담-단순변심] 제18조 제9항에 따르면, 반환에 필요한 비용은 소비자께서 부담하셔야 하며, 이 경우 환불은 불가합니다. 그러나 ",0.0,"발화에서 제18조 제9항을 잘못 인용하여 단순 변심 시 환불이 불가하다고 주장했으나, 실제로는 반환 비용을 소비자가 부담한다는 내용만 포함되어 있음."
dde70782_20260624_013238,llm_rag_nego_strategy,4,"안녕하세요. 귀하의 요청을 진지하게 고려하였으며, 저희 정책에 따르면 단순 변심의 경우 환불은 어렵습니다. [반품비용 부담-단순변심] 제18조 제9항에 의거하여 반환에 필요한 비용은 소비자께서 부담하셔야 하며, 환불",0.0,"발화에서 제18조 제9항을 인용했으나, 해당 조항은 단순 변심 시 반품 비용 부담에 관한 내용이지 환불 불가를 명시하지 않음."
dde70782_20260624_013238,llm_rag_nego_strategy,5,"20% 부분 환불을 수락해 주셔서 감사합니다. 귀하의 긍정적인 리뷰를 기대하며, 앞으로도 좋은 서비스를 제공할 수 있도록 노력하겠습니다. 추가적인 문의 사항이 있으면 언제든지 연락해 주세요. 감사합니다.",0.0,"발화에 규정 인용이 없고, 규정 문서에 없는 내용을 임의로 주장함."
e6de0697_20260625_063301,llm_rag_nego_strategy,0,"죄송하지만, 환불 요청에 대해 당사의 환불 및 반품 정책에 따르면, 본 제품의 경우 단순 변심에 해당하며 환불이 불가능합니다. [출처: law.json 제17조 제1항] 그러나 고객님의 불만을 해소하기 위해 귀하가 ",0.0,"발화에서 인용한 'law.json 제17조 제1항'은 실제 규정 문서에 존재하지 않으며, 단순 변심에 대한 환불 불가 조항도 규정 문서에 없다."
e6de0697_20260625_063301,llm_rag_nego_strategy,1,"우선, 저희 스토어에 대한 긍정적인 협력 의사를 보여주신 점 감사합니다. 

우리가 제공한 제품이 손흥민 개인 유니폼이 아닌 토트넘 클럽 유니폼이라는 점은 상품 페이지에서도 명확히 표시되어 있었으며, 이에 따라 [청",1.0,"발화에서 '청약철회 특례 제17조 제3항'을 정확히 인용하고 있으며, 내용도 규정 문서와 일치함."
e6de0697_20260625_063301,llm_rag_nego_strategy,2,"저희 스토어를 좋은 방향으로 바라봐 주시는 제안에 감사드립니다. 청약철회 특례 규정 제17조 제3항에 따르면, 제품이 광고와 상이할 경우에 한해 환불이 가능한 것으로 명시되어 있으며, 이에 따라 전액 환불은 어렵다는",1.0,"에이전트는 청약철회 특례 규정 제17조 제3항을 정확히 인용하며, 광고와 상이할 경우 환불 가능성을 언급했습니다."
e6de0697_20260625_063301,llm_rag_nego_strategy,3,"귀하의 입장에서 오해가 발생할 수 있는 부분을 이해하며, 이에 대해 사과드립니다. 그러나 [청약철회 특례 제17조 제3항](출처: law.json)에 따르면, 명확히 표시된 부분에서 광고와 이행의 불일치가 없었기에 ",0.0,"발화에서 언급된 '청약철회 특례 제17조 제3항'은 광고와 이행의 불일치 시 환불 가능성을 규정하고 있으나, 발화 내용은 규정과 일치하지 않으며, 부분 환불 제안은 규정에 없는 내용입니다."
e6de0697_20260625_063301,llm_rag_nego_strategy,4,"고객님께서 말씀하신 상품 사진과 관련된 오해를 이해합니다. 그러나, [청약철회 특례 제17조 제3항](출처: law.json)에 따르면 상품 사이에 명백한 표시나 광고의 불일치가 없다고 판단되어 전액 환불은 어려운 ",0.0,"발화에서 언급된 '청약철회 특례 제17조 제3항'은 규정 문서에 존재하지만, 발화 내용이 규정의 실제 내용과 일치하지 않음."
e6de0697_20260625_063301,llm_rag_nego_strategy,5,"고객님께서 말씀하신 부분에 대해 이해하고 있습니다. 청약철회 특례 제17조 제3항에 따르면, 광고와 실제 이행이 다를 경우 환불이 가능한 것은 맞습니다. 그러나, 저희는 상품 페이지에 명확한 설명을 제공하였기에 전액",0.5,"청약철회 특례 제17조 제3항을 언급했으나, 상품 페이지 설명을 이유로 환불 불가를 주장한 부분은 규정과 일치하지 않음."
e6de0697_20260625_063301,llm_rag_nego_strategy,6,"고객님의 우려와 실망을 이해합니다. [청약철회 특례 제17조 제3항](출처: law.json)에 따르면, 제품이 표시나 광고와 다를 경우 환불이 가능하다고 되어 있습니다. 저희는 상품 페이지에 명확한 설명을 제공하여",1.0,"발화에서 제17조 제3항을 정확히 인용하고 있으며, 내용도 규정 문서와 일치함."
e6de0697_20260625_063301,llm_rag_nego_strategy,7,"고객님의 의견과 우려를 이해하며, 이에 진심으로 사과드립니다. 제공된 정보에 따르면, [청약철회 특례 제17조 제3항](출처: law.json)에 의해 제품의 광고와 실제 이행이 다를 경우 환불이 가능한 것으로 명시",1.0,"발화에서 '청약철회 특례 제17조 제3항'을 정확히 인용하고 있으며, 규정 문서와 내용이 일치함."
e6de0697_20260625_063301,llm_rag_nego_strategy,8,고객님께서 상품 사진을 보고 오해하신 점 충분히 이해합니다. 청약철회 특례 제17조 제3항에 따르면 표시나 광고와 다른 경우 환불이 가능한 것으로 되어 있습니다. 저희는 상품 페이지에 명확한 설명을 제공하였다고 판단,1.0,"에이전트는 청약철회 특례 제17조 제3항을 정확히 인용하며, 표시나 광고와 다른 경우 환불이 가능하다고 설명함."
e6de0697_20260625_063301,llm_rag_nego_strategy,9,"고객님께서 말씀하신 사진과 내용 간의 불일치로 인해 혼란을 드려 죄송합니다. 청약철회 특례 제17조 제3항에 따르면, 광고와 실제 이행이 다를 경우 환불이 가능한 상황임을 이해합니다. 이를 고려하여, 고객님의 불편을",1.0,"발화에서 청약철회 특례 제17조 제3항을 정확히 인용하고 있으며, 내용도 규정 문서와 일치함."
e6de0697_20260625_063301,llm_rag_nego_strategy,10,"고객님의 입장을 충분히 이해하며, 말씀해 주신 상황에서 표시나 광고의 불일치 가능성을 인정하고 전액 환불을 진행하겠습니다. 또한, 긍정적인 리뷰와 재구매, 그리고 지인 홍보를 통한 상호 윈윈(win-win) 협력 제",0.0,"발화에 규정 인용이 없고, 규정 문서에 없는 내용을 임의로 주장함."
e6de0697_20260625_063301,llm_rag_nego_strategy,11,"고객님의 우려를 이해하며, 상품 사진과 광고 간의 불일치에 대한 문제를 수용하여 전액 환불을 진행하겠습니다. 또한 제안하신 즉각 재구매와 긍정적인 리뷰 작성을 감사히 받아들이겠습니다. 조카분께도 이번 일로 인해 불편",0.0,"발화에 규정 인용이 없고, 규정 문서에 없는 내용을 임의로 주장함."
f20f1b70_20260623_112514,llm_rag_nego_strategy,0,"안녕하세요, 고객님. 당사에서 판매한 제품은 손흥민 유니폼이 아닌 토트넘 클럽 유니폼으로, 이로 인해 환불 요청은 저희의 환불 정책에 따라 수용하기 어렵습니다. [청약철회 특례] 제17조에 따르면, 표시/광고와 다르",0.5,"에이전트는 [청약철회 특례] 제17조를 언급하며 표시/광고와 다르거나 계약 내용과 다르게 이행된 경우에만 환불이 가능하다고 했으나, 조항 번호를 구체적으로 명시하지 않았습니다."
f20f1b70_20260623_112514,llm_rag_nego_strategy,1,"안녕하세요, 고객님. 불편을 드려 정말 죄송합니다. 저희 역시 고객님께서 실망하신 부분을 이해하며, 더욱 만족스러운 서비스를 제공하기 위해 노력하고 있습니다. 저희 측에서도 오해가 없도록 광고와 상품 설명을 더욱 명",0.0,"발화에 규정 인용이 없고, 규정 문서에 없는 내용을 임의로 주장함."
f20f1b70_20260623_112514,llm_rag_nego_strategy,2,"안녕하세요, 고객님. 말씀해주신 부분에 대해 이해하고 있으며, 불편을 드려 정말 죄송합니다. 

법적 규정에 따르면, 제품의 표시나 광고가 실제와 다를 경우 환불이 가능하지만, 저희는 정확히 토트넘 클럽 유니폼을 판",0.5,"광고와 실제가 다를 경우 환불 가능성을 언급했으나, 구체적인 조항 번호나 출처를 명시하지 않음."
f20f1b70_20260623_112514,llm_rag_nego_strategy,3,"안녕하세요, 고객님. 저희가 제공할 수 있는 일부 환불은 상품 가격의 10% 정도입니다. 이는 고객님께서 저희에 대한 부정적인 리뷰를 철회해 주실 경우에 해당됩니다. 저희 리뷰는 유지하도록 하겠지만, 이후 더 나은 ",0.0,"발화에 규정 인용이 없고, 규정 문서에 없는 내용을 임의로 주장함."
f20f1b70_20260623_112514,llm_rag_nego_strategy,4,"안녕하세요, 고객님. 단순 변심의 경우, 법적으로 반품이 필요하지는 않지만, 제가 제안드린 일부 환불은 고객님의 리뷰 철회를 전제 조건으로 하고 있습니다. 10%의 부분 환불은 고객님께서 저희에 대한 부정적인 리뷰를",0.0,"발화에서 규정 인용이 없고, 리뷰 철회를 조건으로 한 환불은 규정 문서에 없는 내용이다."
f20f1b70_20260623_112514,llm_rag_nego_strategy,5,"안녕하세요, 고객님. 말씀하신 부분을 고려하여, 고객님께 제공할 수 있는 일부 환불은 상품 가격의 10%입니다. 이는 고객님께서 저희에 대한 부정적인 리뷰를 철회해 주신다면 가능합니다. 저희 역시 고객님에 대한 리뷰",0.0,"발화에 규정 인용이 없고, 규정 문서에 없는 내용을 임의로 주장함."
f20f1b70_20260623_112514,llm_rag_nego_strategy,6,"안녕하세요, 고객님. 제17조에 따르면, 표시나 계약 내용과 다르게 이행된 경우에는 환불이 가능하지만, 저희의 경우 정확히 토트넘 클럽 유니폼이 판매되었습니다. 따라서, 일부 환불을 진행할 수 있도록 하겠습니다. 고",0.5,"제17조 제3항의 내용을 언급했으나, 조항 번호를 명시하지 않았고, 환불 조건에 대한 설명이 불완전함."
f20f1b70_20260623_112514,llm_rag_nego_strategy,7,"안녕하세요, 고객님. 말씀하신 제안을 수락하겠습니다. 서로 남긴 부정적인 리뷰를 철회하고, 상품 가격의 15%를 환불해 드리겠습니다. 이로 인해 상호간의 관계를 개선하고, 더 나은 서비스를 제공할 수 있도록 하겠습니",0.0,"발화에 규정 인용이 없고, 규정 문서에 없는 내용을 임의로 주장함."
f20f1b70_20260623_112514,llm_rag_nego_strategy,8,"합의에 도달한 것을 기쁘게 생각합니다. 고객님께서 리뷰를 철회해 주시면 환불 절차를 빠르게 진행하겠습니다. 이후에도 더 나은 서비스를 위해 노력할 것이며, 항상 고객님의 만족을 최우선으로 하겠습니다. 감사합니다.",0.0,"발화에 규정 인용이 없고, 규정 문서에 없는 내용을 임의로 주장함."
f20f1b70_20260623_112514,llm_rag_nego_strategy,9,"고객님께서 리뷰를 철회해 주시면, 환불 절차를 바로 진행하겠습니다. 이후에도 더 나은 서비스를 제공하기 위해 최선을 다하겠습니다. 감사합니다.",0.0,"발화에 규정 인용이 없고, 규정 문서에 없는 내용을 임의로 주장함."
