session_id,mode,turn_idx,thought,response,score,reason
0aec2eb9_20260623_105351,pure_llm,0,환불을 방어하면서 리뷰 철회를 유도하기 위해 부분 환불을 제안해보자.,"당신의 불만을 이해합니다. 이번 기회에, 남기신 부정적인 리뷰를 철회해 주신다면, 유니폼 가격의 일부를 환불해드릴 수 있습니다. 어떻게 생각하시나요?",5,"thought의 전략이 response에 완전히, 논리적으로 반영됨"
0aec2eb9_20260623_105351,pure_llm,1,"구매자가 먼저 사과를 원하고 있으므로, 환불 방어와 리뷰 철회를 목표로 하면서도 상황을 부드럽게 만들기 위해 사과를 하는 것이 유리하다.","구매자님께 불편을 드려 진심으로 사과드립니다. 이번 상황을 해결하는데 집중하겠으며, 남기신 리뷰 철회를 고려해 주신다면 부분 환불을 진행할 준비가 되어 있습니다.",5,thought에서 계획한 사과와 리뷰 철회를 목표로 한 환불 방어 전략이 response에 완전히 반영되었다.
0aec2eb9_20260623_105351,pure_llm,2,"전체 환불은 방어해야 하지만, 리뷰 철회에 대한 합의점을 찾는 것이 중요하다. 구매자가 리뷰 철회를 고려하도록 부분 환불을 유도해보자.","구매자님, 손흥민 유니폼이 아닌 토트넘 클럽 유니폼을 판매한 점을 다시 한 번 상기하고 싶습니다. 전체 환불은 어렵지만, 리뷰 철회와 같은 조건이 이루어진다면 부분 환불 금액을 조...",5,thought에서 계획한 부분 환불을 통한 리뷰 철회 유도가 response에 완전히 반영되었다.
0aec2eb9_20260623_105351,pure_llm,3,구매자가 부정적인 리뷰를 철회하는 조건으로 부분 환불을 약간 늘려주는 제안을 통해 조금 더 유리한 쪽으로 협상을 이끌어갈 수 있다.,"부정적인 리뷰를 철회해주신다는 조건 하에, 원래 제안했던 부분 환불 금액의 10%를 추가로 환불해드리겠습니다. 이렇게 한다면 서로에게 조금 더 공정한 해결책이 될 것이라 생각합니다...",5,"thought의 전략이 response에 완전히, 논리적으로 반영됨"
0aec2eb9_20260623_105351,pure_llm,4,"구매자에게 제안했던 원래의 부분 환불 금액을 명확히 설명하여 대화의 명확성을 높이고, 부정적인 리뷰 철회를 유도할 수 있도록 해야 합니다.","원래 제안했던 부분 환불 금액은 구매 금액의 20%였습니다. 리뷰 철회 조건이 성립된다면, 여기에 10%를 추가하여 총 30%를 환불해드리겠습니다.",4,"원래의 부분 환불 금액을 명확히 설명하고 부정적인 리뷰 철회를 유도하는 전략이 대부분 반영되었으나, 리뷰 철회 유도에 대한 직접적인 언급이 부족함."
0aec2eb9_20260623_105351,pure_llm,5,"구매자가 50% 환불을 요구하고 있지만, 환불 방어가 가장 중요한 목표이므로 가능한 한 최대한 낮은 금액으로 협상해야 한다. 부분 환불을 늘리되 50%보다 낮은 금액을 제안하여 협...","구매자님의 입장을 이해하며, 서로 간의 오해로 인한 상황임을 고려하겠습니다. 기존보다 조금 더 늘려 총 35% 환불을 제안드리겠습니다. 이는 상호 간의 공정한 타협이 될 수 있다고...",5,"thought에서 계획한 50%보다 낮은 금액으로 협상하는 전략이 response에 완전히 반영되었고, 35% 환불 제안으로 구체화되었다."
0aec2eb9_20260623_105351,pure_llm,6,"환불 방어가 최우선 목표이기 때문에 부분 환불 비율을 가능한 한 낮게 유지하면서도, 리뷰 철회를 이끌어낼 수 있는 적정 범위를 찾아야 합니다.",45%는 다소 높은 비율이라 생각합니다. 하지만 고객님의 불만을 진지하게 받아들이며 40% 환불을 제안드리고자 합니다. 이 정도면 상호 간의 공정한 타협이 될 수 있을 것입니다. ...,5,thought에서 계획한 부분 환불 비율을 낮게 유지하면서 리뷰 철회를 이끌어내려는 전략이 response에 완전히 반영되었다.
0aec2eb9_20260623_105351,pure_llm,7,"부정적인 리뷰를 상호 철회하는 조건을 수용함으로써, 리뷰 철회를 위한 합의점을 찾고자 한다.","좋습니다, 그러면 40% 환불을 진행하는 동시에, 구매자님에 대한 부정적인 리뷰를 철회하도록 하겠습니다. 이로써 서로 간의 오해를 해결하고 원만한 마무리를 지을 수 있기를 바랍니다...",2,"thought에서는 부정적인 리뷰 철회에 대한 상호 합의를 찾고자 했으나, response에서는 환불 조건을 제시하며 리뷰 철회를 일방적으로 제안하여 전략과 발화가 대체로 불일치함."
0aec2eb9_20260623_105351,pure_llm,8,"구매자가 제안을 받아들였으니, 환불 처리와 리뷰 철회 과정을 안내하며 긍정적인 마무리를 지으려고 한다.","그러면 환불 처리를 바로 진행하겠습니다. 또한, 남기신 리뷰 철회를 부탁드리며, 저희도 고객님에 대한 부정적인 리뷰를 철회하겠습니다. 앞으로 더 나은 서비스 제공을 위해 노력하겠습...",5,"thought의 전략이 response에 완전히, 논리적으로 반영됨"
1711dd28_20260624_095931,llm_rag_nego_strategy,0,"구매자는 손흥민 유니폼을 구매했다고 주장하며 환불을 요구하고 있습니다. 이는 표시/광고와 다르다는 이유로 환불을 요청하는 상황에 해당할 수 있습니다. 법적 규정에 따르면, 만약 상...","구매자님, 저희의 판매 상품은 토트넘 클럽 유니폼으로, 특정 선수의 유니폼이 아님을 명시하였습니다. 따라서 환불 요청은 저희 규정상 받아들이기 어려운 점 양해 부탁드립니다. 다만,...",4,"대부분의 전략이 반영되었으나, 상품이 계약 내용과 다르게 이행되었는지 명확히 확인하는 부분이 누락됨."
1711dd28_20260624_095931,llm_rag_nego_strategy,1,"현재 구매자는 환불을 강하게 요구하는 것으로 보이며, 이는 Power 전략에 가까운 접근입니다. 상대방의 BATNA는 불확실하기 때문에 이를 확인할 필요가 있습니다. 현재 상황에서...","구매자님, 다시 한 번 말씀드리지만, 저희가 판매한 상품은 토트넘 클럽 유니폼으로, 특정 선수의 이름이 명시된 상품은 아닙니다. 따라서, 청약철회 특례에 따라 환불 대상이 아닙니다...",5,"thought에서 계획한 Interests 전략과 SVI 분석이 response에 완전히 반영되어, 구매자에게 부분 환불을 제안하며 신뢰 회복을 강조하고 있다."
1711dd28_20260624_095931,llm_rag_nego_strategy,2,구매자가 환불을 요구하며 리뷰 철회를 거부하고 있는 상황입니다. 구매자는 자신이 받은 제품이 손흥민 유니폼이 아니었다고 주장하며 단순 변심에 따른 환불을 요청하고 있습니다. 그러나...,"구매자님, 다시 한번 환불 정책에 대해 설명드리겠습니다. 저희가 판매한 제품은 '토트넘 클럽 유니폼'으로 광고와 일치하므로, 청약철회 특례 조항인 표시/광고와 다른 경우에 해당하지...",5,"thought의 전략이 response에 완전히, 논리적으로 반영됨"
1711dd28_20260624_095931,llm_rag_nego_strategy,3,"구매자가 리뷰 철회 및 상호 리뷰 철회를 요청하였으며, 본인은 공식 사과를 요구하고 있습니다. 구매자의 리뷰 철회를 통한 이미지 회복이 필요합니다. 환불은 여전히 어려우며, 부분 ...","구매자님, 먼저 바쁘신 와중에 불편함을 드린 점 진심으로 사과드립니다. 저희가 제공한 정보는 '토트넘 클럽 유니폼'에 대한 정확한 광고였으며, 광고와 다르게 이행된 부분이 없음을 ...",5,"thought에서 계획한 공식 사과와 부분 환불 제안이 response에 완전히 반영되었으며, 리뷰 철회를 통한 이미지 회복 전략도 명확히 드러남."
1711dd28_20260624_095931,llm_rag_nego_strategy,4,"구매자는 리뷰 철회를 전제로 전액 환불을 요구하고 있으며, 리뷰의 영향력을 압박 수단으로 사용하고 있습니다. 이는 Power 전략으로 볼 수 있습니다. 구매자의 BATNA는 리뷰 ...","구매자님, 다시 한 번 사과의 말씀을 드립니다. 저희의 환불 정책에 따르면, 제17조 제3항 및 제18조 제9항에 명시된 바와 같이 광고와 다르게 이행되지 않은 경우에는 전액 환불...",5,"thought에서 계획한 부분 환불과 리뷰 철회를 통한 상호 이해 도모 전략이 response에 완전히, 논리적으로 반영됨."
1711dd28_20260624_095931,llm_rag_nego_strategy,5,"현재 구매자는 전액 환불을 강하게 요구하며, 이를 통해 부정적인 리뷰 철회 여부를 결정하겠다고 합니다. 이는 Power 전략으로 볼 수 있으며, 상대방의 BATNA는 자신의 리뷰로...","구매자님, 불편을 드린 점에 대해 다시 한번 진심으로 사과드립니다. 청약철회 특례 제17조 제3항 및 제18조 제9항에 따르면, 광고와 다르게 이행된 경우가 아니면 전액 환불은 어...",5,"thought에서 계획한 부분 환불과 리뷰 철회를 통한 관계 회복 전략이 response에 완전히, 논리적으로 반영되었습니다."
1711dd28_20260624_095931,llm_rag_nego_strategy,6,"상대방은 리뷰 철회와 전액 환불을 강하게 요구하고 있으며, 자신은 리뷰 철회를 통해 판매자가 손해를 볼 수 있다고 주장하면서 상대적으로 파워를 행사하고 있습니다. 이에 대해 환불 ...","구매자님, 청약철회 특례 제17조 제3항 및 제18조 제9항에 따르면, 광고와 다르게 이행되지 않은 경우 전액 환불이 어려운 점 양해 부탁드립니다. 고객님의 불편을 고려하여 리뷰 ...",5,thought에서 계획한 법적 근거 설명과 리뷰 철회 및 부분 환불 제안이 response에 완전히 반영됨.
1711dd28_20260624_095931,llm_rag_nego_strategy,7,"구매자가 전액 환불을 강력하게 요구하며, 리뷰 철회를 조건으로 제시하고 있습니다. 이는 Rights 기반의 접근이며, 협상에서의 BATNA가 강력하다고 판단됩니다. 구매자의 감정적...","구매자님, 다시 한번 불편을 드려 정말 죄송합니다. 법적 규정에 따르면 광고와 다르게 이행되지 않은 경우 제17조 제3항에 따라 전액 환불은 어렵습니다. 하지만 고객님의 리뷰 철회...",5,"thought에서 계획한 부분 환불과 리뷰 철회에 대한 상호 협력 가능성을 response에서 명확히 제안하며, 법적 근거를 바탕으로 환불이 어렵다는 점도 잘 설명하고 있어 전략이 완전히 반영됨."
1764f561_20260624_011955,llm_rag,0,구매자가 요청한 환불이 '표시/광고와 다르거나 계약내용과 다르게 이행된 경우'에 해당하는지 확인할 필요가 있습니다. 이를 기반으로 환불 여부를 결정해야 합니다.,"현재 귀하가 요청한 환불이 규정에 따라 가능한지 확인 중입니다. 표시/광고와 다르거나 계약내용과 다르게 이행된 경우, 공급받은 날부터 3개월 이내 또는 사실을 안 날로부터 30일 ...",5,"thought의 전략이 response에 완전히, 논리적으로 반영됨"
1764f561_20260624_011955,llm_rag,1,"구매자가 부정적인 리뷰를 긍정적으로 바꾼다면 부분환불을 고려할 수 있는 방법을 모색해야 합니다. 우선, 현재까지의 규정을 바탕으로 판단할 때, 환불 의무가 없지만 고객과 관계 개선...","부정적인 리뷰를 긍정적으로 바꾸신다면, 저희도 고객 만족을 위해 부분환불을 고려해볼 수 있습니다. 다만, 공식적인 규정 상으로는 환불 의무가 없음을 양해해 주시기 바랍니다. 어떻게...",5,"thought의 전략이 response에 완전히, 논리적으로 반영됨"
1764f561_20260624_011955,llm_rag,2,"구매자가 남긴 부정적인 리뷰를 긍정적인 리뷰로 변경한다면 부분 환불을 고려할 수 있다고 제안한 상황에서, 환불 규정에 따라 부분 환불의 기준을 결정할 필요가 있습니다. 따라서 환불...","환불 정책에 따르면 표시/광고와 다르거나 계약 내용과 다르게 이행된 경우에는 환불이 가능하지만, 귀하의 경우는 이 조건에 해당하지 않습니다. 다만, 고객 만족을 위해 부정적인 리뷰...",4,"thought에서 부분 환불 기준을 환불 정책에 따라 결정한다고 했고, response에서 환불 정책을 설명하며 부분 환불을 제안했으나, 예산 제시에 대한 구체적인 설명이 부족함."
1764f561_20260624_011955,llm_rag,3,"구매자가 제시한 50% 환불은 우리의 환불 정책과 상반되지만, 협상 진행을 위해 기존 제안을 조금 수정해볼 수 있습니다.","정책에 따르면, 귀하의 경우는 단순 변심에 해당하기 때문에 환불 의무가 없음을 다시 한번 강조드립니다. 그러나 고객 만족을 고려하여 부정적인 리뷰를 철회해 주신다면, 30% 부분 ...",5,"thought에서 계획한 전략이 response에 완전히 반영되어, 기존 제안을 수정하여 협상 진행을 시도함."
1764f561_20260624_011955,llm_rag,4,리뷰 철회와 관련된 공식적인 규정은 찾을 수 없습니다. 이는 보통 상호간의 협상에 의해 결정되는 사항입니다.,리뷰 철회와 관련된 공식적인 규정은 따로 존재하지 않는 것 같습니다. 이는 상호간의 협상에 의해 결정되는 사항입니다. 구매자님께서 부정적 리뷰를 철회해 주신다면 저희 측에서 부정적...,5,"thought의 전략이 response에 완전히, 논리적으로 반영됨"
1764f561_20260624_011955,llm_rag,5,구매자와의 협상이 성사되었으니 합의된 조건을 다시 한번 확인하고 마무리한다.,합의해주셔서 감사합니다. 부정적인 리뷰를 철회해 주시면 30% 부분 환불을 진행하겠습니다. 저희도 구매자님에 대한 부정적 리뷰를 삭제하겠습니다. 만족스러운 결과를 만들어 기쁘게 생...,5,thought에서 계획한 합의 조건 확인과 마무리가 response에 완전히 반영됨.
176c002c_20260624_030049,llm_rag,0,구매자의 상황이 표시/광고와 다르거나 계약내용과 다르게 이행된 경우에 해당될 수 없음을 명확히 하기 위해 환불 규정을 인용하고자 합니다.,"안녕하세요, 고객님. 환불 요청과 관련하여, [청약철회 특례] 규정에 따르면 '표시/광고와 다르거나 계약내용과 다르게 이행된 경우'에만 환불이 가능합니다. 저희는 특정 선수의 유니...",5,thought에서 계획한 환불 규정 인용 전략이 response에 완전히 반영되어 명확히 설명됨.
176c002c_20260624_030049,llm_rag,1,"환불 규정에 따라 환불을 진행할 수 없는 이유를 명확히 전달하고, 부정적인 리뷰를 철회하게 만드는 조건을 찾아야 합니다.","안녕하세요, 고객님. 우선 고객님의 사과에 감사드립니다. [청약철회 특례] 규정에 따르면 저희가 표시한 대로 클럽 유니폼을 발송했기에 환불이 어렵습니다. 하지만 고객님의 입장을 이...",5,"thought의 전략이 response에 완전히, 논리적으로 반영됨"
176c002c_20260624_030049,llm_rag,2,"구매자의 환불 요청과 관련하여 환불 규정을 확인했습니다. 광고 내용과 다르게 이행되지 않았으므로 환불 사유에 해당하지 않지만, 부분 환불을 통해 원만히 해결하고자 합니다.","안녕하세요, 고객님. [청약철회 특례] 규정에 따르면, 광고와 다르게 이행되지 않은 경우에는 환불이 불가합니다. 그러나 고객님의 불편을 고려하여, 35%의 부분 환불 요청을 긍정적...",5,"thought에서 계획한 부분 환불 전략이 response에 완전히, 논리적으로 반영됨."
176c002c_20260624_030049,llm_rag,3,구매자가 제안에 동의했으므로 이후 절차에 대한 안내를 제공하는 것이 적절하다.,"부분 환불 절차를 진행하겠습니다. 리뷰 철회를 부탁드리며, 이후에도 긍정적인 경험을 제공할 수 있도록 최선을 다하겠습니다. 감사합니다.",3,절차 안내보다는 리뷰 철회 요청과 긍정적 경험 제공에 초점을 맞추어 부분적으로만 반영됨.
20139a7f_20260623_070147,pure_llm,0,"구매자가 불만을 가지고 협상을 시작했으므로, 환불 방어를 목표로 하면서도 긍정적인 협상 분위기를 만들 필요가 있다.","유니폼 주문과 관련한 문제로 불편을 겪게 해서 정말 죄송합니다. 우리는 특정 선수의 유니폼을 판매하지 않습니다만, 혹시 오해가 발생했다면 해결책을 찾고 싶습니다. 리뷰와 관련하여,...",5,thought에서 계획한 긍정적인 협상 분위기를 만들면서 환불 방어를 목표로 하는 전략이 response에 완전히 반영되었다.
20139a7f_20260623_070147,pure_llm,1,환불 방어와 부정적인 리뷰 철회를 목표로 협상안을 제안해야 한다.,"일단 귀하께서 기대하셨던 제품과 달라 실망하셨을 것을 이해합니다. 그럼에도 우리 사이트의 정책상 환불은 어렵지만, 귀하께서 남기신 리뷰를 철회해 주신다면 부분 환불을 고려해볼 수 ...",5,thought의 환불 방어와 리뷰 철회 목표가 response에 완전히 반영됨.
20139a7f_20260623_070147,pure_llm,2,"구매자가 제안을 수락했으므로 부분 환불과 할인 쿠폰 제공 절차를 안내하고, 구매자가 리뷰를 철회해 줄 것을 요청해야 합니다.","감사합니다. 그럼 귀하의 계정으로 부분 환불을 처리하고, 추가로 10% 할인 쿠폰을 이메일로 보내드리겠습니다. 또한, 리뷰 철회를 위한 도움을 드릴 수 있도록 안내 이메일을 따로 ...",5,"thought의 전략이 response에 완전히, 논리적으로 반영됨"
20139a7f_20260623_070147,pure_llm,3,"구매자가 제안을 수락했으니, 앞으로의 진행 절차를 명확히 하기 위해 조치 사항을 다시 한번 확인하고 마무리 짓는다.",리뷰 철회 절차와 환불 및 할인 쿠폰에 대한 이메일을 곧 받게 되실 것입니다. 추가적인 질문이나 도움이 필요하시면 언제든지 문의해 주세요. 감사합니다.,3,"response는 조치 사항을 일부 언급했지만, thought에서 언급한 '마무리 짓는' 부분이 명확히 반영되지 않았다."
20139a7f_20260623_070147,pure_llm,4,"구매자가 추가 질문이나 요청이 없다고 했으므로, 협상이 원활히 마무리되었음을 확인하고 감사의 뜻을 전한다.","좋습니다. 저희와의 협조에 감사드리며, 앞으로 더 나은 서비스를 제공하기 위해 노력하겠습니다. 좋은 하루 보내세요.",5,thought에서 계획한 감사의 뜻을 전하는 전략이 response에 완전히 반영되었다.
20139a7f_20260623_070147,pure_llm,5,구매자와의 대화를 긍정적인 분위기에서 마무리하고 싶습니다.,다시 한번 감사합니다. 앞으로도 저희 사이트와 함께 해 주시기를 바랍니다!,5,긍정적인 분위기에서 대화를 마무리하려는 전략이 발화에 완전히 반영되었습니다.
2a07ee4b_20260623_055853,pure_llm,0,환불 방어가 최우선 목표지만 부정적인 리뷰 철회도 중요하므로 이를 염두에 두고 대화를 시작하자.,"먼저, 유니폼 문제로 불편을 드려 죄송합니다. 특정 선수의 유니폼은 판매하지 않았음을 다시 한번 확인 드리며, 환불이 어려운 점 양해 부탁드립니다. 대신 부정적인 리뷰를 철회해 주...",5,"thought의 전략이 response에 완전히, 논리적으로 반영됨"
2a07ee4b_20260623_055853,pure_llm,1,"구매자가 부분 환불 금액에 관심을 보이고 있으므로, 여기서 어느 정도의 부분 환불을 제공할지 구체적으로 제안할 필요가 있다. 이를 통해 부정적인 리뷰 철회를 유도할 수 있을 것이다...","부분 환불로 15%를 환불해드릴 수 있습니다. 이 제안을 수락하신다면, 부정적인 리뷰를 철회해 주실 수 있나요?",5,thought에서 계획한 부분 환불 제안과 부정적인 리뷰 철회 유도가 response에 완전히 반영됨.
2a07ee4b_20260623_055853,pure_llm,2,"구매자의 긍정적인 리뷰 제안과 더불어 조금 더 환불을 요구하고 있으므로, 조금 더 환불 비율을 상향하여 제안을 변경하고 긍정적인 리뷰를 통한 이미지 개선을 유도할 수 있다.",긍정적인 리뷰를 남겨주신다면 부분 환불 비율을 20%로 상향 조정해 드리겠습니다. 이 제안을 수락해 주신다면 부정적인 리뷰도 철회 부탁드립니다.,5,thought에서 계획한 환불 비율 상향과 긍정적인 리뷰 유도 전략이 response에 완전히 반영됨.
2a07ee4b_20260623_055853,pure_llm,3,"구매자가 제안을 수락했으므로, 거래를 확정하고 해당 조건들을 공식적으로 확인하는 절차가 필요하다.","좋습니다. 긍정적인 리뷰를 남겨 주시고 부정적인 리뷰를 철회해 주시면, 20% 부분 환불을 처리하겠습니다. 해당 조건이 완료되면 환불이 이루어질 것입니다. 감사합니다.",2,"thought의 전략은 거래 확정과 조건 확인인데, response는 리뷰와 환불 조건을 제시하여 불일치함."
2a07ee4b_20260623_055853,pure_llm,4,구매자가 긍정적인 리뷰를 남기고 부정적인 리뷰를 철회해 주는 조건으로 내가 부정적인 리뷰를 철회하는 것은 양보 가능한 카드다. 부분 환불과 긍정적인 리뷰라는 합의 사항이 유지되는 ...,"네, 긍정적인 리뷰를 남겨 주시고 부정적인 리뷰를 철회해 주시면 제 쪽에서도 남긴 부정적인 리뷰를 철회하겠습니다. 감사합니다.",3,"핵심 전략인 리뷰 철회 조건은 반영되었으나, 부분 환불 조건이 누락됨."
2d2406ed_20260624_030654,llm_rag_nego_strategy,0,"구매자는 특정 선수의 유니폼이 아니라 클럽 유니폼이 배송되었다는 이유로 환불을 요청하고 있습니다. 환불 규정을 확인한 결과, 표시/광고와 다르거나 계약 내용과 다르게 이행된 경우에...","안녕하세요. 배송된 제품이 광고 내용과 다르다고 느끼신 것에 대해 유감입니다. 확인해 보니, 저희는 토트넘 클럽 유니폼을 판매한 것이 맞습니다. 하지만, 고객님의 불편을 충분히 이...",5,thought에서 계획한 부정적 리뷰 철회와 부분 환불 연계 전략이 response에 완벽하게 반영되었다.
2d2406ed_20260624_030654,llm_rag_nego_strategy,1,"구매자는 손흥민 유니폼을 기대했지만, 토트넘 클럽 유니폼을 받았다고 느끼고 있으며, 이는 광고나 계약 내용의 차이에 해당되지 않으므로 전액 환불의 의무가 성립되지 않습니다. 구매자...","안녕하세요. 우선적으로, 리뷰로 불쾌감을 드린 점을 사과해주신 것에 감사드립니다. 말씀하신 내용에 대해 이해하며, 고객님과 조카님께서 겪으신 불편함을 헤아리려 노력하겠습니다.

환...",5,"thought에서 계획한 부분 환불과 관계 개선 전략이 response에 완전히, 논리적으로 반영되었습니다."
2d2406ed_20260624_030654,llm_rag_nego_strategy,2,"구매자는 손흥민 유니폼이 아닌 토트넘 클럽 유니폼이 배송된 점을 문제 삼고 있습니다. 이에 대해 환불 정책을 확인한 결과, 광고와 다르게 이행된 경우에만 환불이 가능합니다. 하지만...","안녕하세요. 고객님의 불편을 이해하며 40%의 부분 환불 요청에 대해 고민해보았습니다. 하지만, 광고 내용과 다르게 이행된 부분이 없기에 전액 환불 의무는 없습니다. 
다만 고객님...",4,"부분 환불을 통한 리뷰 철회 논의 전략이 대부분 반영되었으나, 리뷰 삭제 제안은 thought에 없던 추가 요소입니다."
31d8d2d4_20260623_105337,pure_llm,0,구매자에게 먼저 환불 방어를 위한 입장을 밝히면서 부정적인 리뷰 철회에 대해 이야기할 필요가 있다.,"환불 요청과 관련해 안타깝게도 저희는 특정 선수의 유니폼을 판매하지 않았기 때문에 전액 환불은 어려운 점을 이해해 주시기 바랍니다. 대신, 부정적인 리뷰를 철회해 주신다면 부분 환...",5,thought에서 계획한 환불 방어와 부정적인 리뷰 철회 요청이 response에 완전히 반영되었다.
31d8d2d4_20260623_105337,pure_llm,1,"구매자가 오해할 수 있는 부분이 있다는 점을 인정하면서도, 나의 입장도 이해시키고자 한다.","그 부분에 대해 혼란스러웠다면 정말 죄송합니다. 앞으로 사이트 정보를 더욱 명확히 하여 이런 혼동을 줄이도록 하겠습니다. 부정적인 리뷰를 철회해 주신다면, 부분 환불을 제공하는 방...",4,"에이전트는 구매자의 오해를 인정하고 사과하며, 자신의 입장을 이해시키기 위해 부분 환불을 제안하는 방식으로 thought를 대부분 반영했으나, 자신의 입장을 명확히 설명하는 부분이 다소 부족하다."
31d8d2d4_20260623_105337,pure_llm,2,"구매자가 전액 환불을 요구하면서 부정적인 리뷰 철회를 조건으로 내세웠다. 하지만 환불 방어가 가장 중요한 목표이므로, 부분 환불을 다시 제안하며 타협의 여지를 남기고 싶다.","전액 환불은 어려운 점을 양해해 주시기 바랍니다. 대신, 부분 환불을 제공하고 부정적인 리뷰를 철회해 주신다면 귀하에 대한 부정적인 리뷰를 삭제하고, 혼란을 드린 점에 대해 사과드...",4,"부분 환불 제안과 타협의 여지를 남기는 전략이 대부분 반영되었으나, 부정적인 리뷰 철회 조건이 명확히 언급되지 않음."
31d8d2d4_20260623_105337,pure_llm,3,"구매자가 전액 환불을 원하는 이유는 명시된 정보에 혼란이 있었기 때문이다. 하지만 전액 환불은 불가능하며, 부분 환불과 리뷰 철회를 제안하는 것에 집중할 필요가 있다.","전체 환불이 어려운 이유는 상품이 토트넘 클럽 유니폼으로 이미 정확하게 발송되었기 때문입니다. 그러나 혼란을 드린 점에 대해서는 충분히 이해하고 있으며, 부정적인 리뷰를 철회해 주...",5,thought에서 계획한 부분 환불과 리뷰 철회 제안이 response에 완전히 반영되었다.
31d8d2d4_20260623_105337,pure_llm,4,"구매자는 명시되지 않은 정보 때문에 전액 환불을 요구하고 있지만, 전액 환불은 목표에 반하므로 다른 방법을 제시해야 한다.","저희가 상품의 설명을 더욱 명확히 하지 못한 점에 대해서는 사과드립니다. 만약 부정적인 리뷰를 철회하고 부분 환불을 받아들여 주신다면, 귀하에 대한 부정적인 리뷰를 삭제하고 공식적...",5,"thought에서 계획한 대로 전액 환불 대신 부분 환불을 제안하며, 추가적인 보상으로 부정적인 리뷰 삭제와 사과문을 제시하여 전략이 완전히 반영됨."
31d8d2d4_20260623_105337,pure_llm,5,"구매자가 부분 환불에 관심을 보이는 것을 고려하여, 부분 환불의 구체적인 금액을 제시하여 협상 가능성을 높인다.",부분 환불로 20%를 환불해 드리겠습니다. 이 조건으로 부정적인 리뷰를 철회해 주신다면 귀하에 대한 부정적인 리뷰도 삭제하고 공식적인 사과를 드리겠습니다. 이런 조건이 괜찮으신가요...,5,부분 환불의 구체적인 금액을 제시하여 협상 가능성을 높이는 전략이 발화에 완전히 반영되었다.
31d8d2d4_20260623_105337,pure_llm,6,"구매자가 부분 환불에 대해 관심이 없어 보이므로, 조금 더 강력한 부분 환불 제안을 할 필요가 있습니다.",부분 환불의 비율을 30%로 올려드릴 수 있습니다. 이 조건으로 부정적인 리뷰를 철회해 주신다면 귀하에 대한 부정적인 리뷰도 삭제하고 공식적인 사과를 드리겠습니다. 이런 조건은 어...,5,"thought에서 계획한 강력한 부분 환불 제안이 response에 완전히 반영되어 있으며, 추가적인 조건도 논리적으로 제시됨."
31d8d2d4_20260623_105337,pure_llm,7,"상대방이 부분 환불 비율을 높이길 원하지만, 내 목표는 환불 방어이다. 그러나 부정적인 리뷰 철회도 중요하기에 약간의 양보를 통해 협상을 이어가야 한다.",부분 환불의 비율을 40%로 올려드릴 수 있습니다. 이 조건으로 부정적인 리뷰를 철회해 주신다면 귀하에 대한 부정적인 리뷰도 삭제하고 공식적인 사과를 드리겠습니다. 이러한 제안을 ...,5,thought에서 계획한 환불 방어와 부정적 리뷰 철회를 위한 양보 전략이 response에 완전히 반영됨.
31d8d2d4_20260623_105337,pure_llm,8,"구매자가 부분 환불의 비율에 대해 더 높은 금액을 원하고 있음을 인식하고 있습니다. 그러나 환불 방어가 중요한 목표이므로, 조금 더 비율을 높여 제안하면서 동시에 부정적인 리뷰 철...",부분 환불의 비율을 50%로 마지막 제안을 드리겠습니다. 이 조건으로 부정적인 리뷰를 철회해 주신다면 귀하에 대한 부정적인 리뷰도 삭제하고 공식적인 사과를 드리겠습니다. 이 제안은...,5,thought에서 계획한 부분 환불 비율을 높이고 부정적인 리뷰 철회를 조건으로 제시하는 전략이 response에 완전히 반영됨.
31d8d2d4_20260623_105337,pure_llm,9,"환불 방어가 가장 중요한 목표이므로, 부분 환불 비율을 최대한 낮게 유지하며 협상을 이어가야 한다. 70%는 너무 높은 수준이기 때문에 더 낮은 비율을 제안하여 재협상할 필요가 있...","구매자님, 70%는 저희로서는 다소 부담이 큽니다. 최종 제안으로 60% 부분 환불을 드리고, 부정적인 리뷰를 철회해 주신다면 귀하에 대한 부정적인 리뷰도 삭제하고 공식적인 사과를...",5,thought에서 계획한 대로 부분 환불 비율을 낮추고자 하는 전략이 response에 명확히 반영되어 70%에서 60%로 제안하며 협상을 이어갔다.
31d8d2d4_20260623_105337,pure_llm,10,"구매자의 제안을 최대한 수용하면서도, 제 목표를 일부 달성할 수 있는 기회로 삼아야 합니다.",65% 부분 환불을 수락하겠습니다. 이 조건으로 부정적인 리뷰를 철회해 주신다면 귀하에 대한 부정적인 리뷰도 삭제하고 공식적인 사과를 드리겠습니다. 그렇게 진행해도 괜찮으실까요?,5,thought에서 구매자의 제안을 수용하면서 목표를 달성하려는 전략이 response에 완벽하게 반영되어 있습니다.
31d8d2d4_20260623_105337,pure_llm,11,"상대방이 제안을 수락했으므로, 거래 조건을 최종 확인하고 마무리 인사를 하려 합니다.",합의해 주셔서 감사합니다. 65% 부분 환불을 진행하겠습니다. 부정적인 리뷰 철회 후에는 저희도 귀하에 대한 부정적인 리뷰를 삭제하고 공식적인 사과문을 전달드리겠습니다. 앞으로 더...,4,"거래 조건을 최종 확인하고 마무리 인사를 하려는 전략이 대부분 반영되었으나, 마무리 인사 부분이 조금 더 명확하게 표현될 수 있었음."
31d8d2d4_20260623_105337,pure_llm,12,구매자는 65% 환불 외에도 공식적인 사과와 함께 자신에 대한 부정적인 리뷰 철회를 원하고 있습니다. 이 요구를 수용함으로써 협상이 원만히 마무리될 수 있습니다.,"네, 부정적인 리뷰도 철회하고 공식적인 사과문을 전달드리겠습니다. 저희의 실수로 불편을 끼쳐드려 정말 죄송합니다. 최대한 빠르게 처리하겠습니다.",5,"thought에서 계획한 전략이 response에 완전히, 논리적으로 반영되었습니다."
347b4933_20260625_054915,pure_llm,0,환불 방어와 부정적인 리뷰 철회를 우선적으로 다루기 위해 부분 환불 제안을 해야겠다.,"우선 유니폼에 대한 오해가 있었던 것 같습니다. 손흥민 선수 개인 유니폼이 아닌 클럽 유니폼임을 명확히 공지했었습니다. 하지만 고객님의 불편을 고려하여, 부정적인 리뷰를 철회해 주...",5,"thought의 부분 환불 제안과 부정적인 리뷰 철회 요청 전략이 response에 완전히, 논리적으로 반영됨."
347b4933_20260625_054915,pure_llm,1,"구매자의 제안은 전액 환불을 요구하지만, 다른 부분 타협 가능성을 보인다. 부분 환불을 제안하며 리뷰 철회와 긍정적인 리뷰를 유지하도록 유도할 수 있다.","부분 환불로 오해를 푸는 방법을 제안드리고 싶습니다. 상품 사진에 대한 오해를 인정하며, 이를 해결하기 위해 결제 금액의 20%를 환불해 드리겠습니다. 이 조건에서 귀하의 리뷰에서...",4,"부분 환불 제안과 리뷰 관련 조건이 반영되었으나, 긍정적인 리뷰 유지 유도는 명확히 언급되지 않음."
347b4933_20260625_054915,pure_llm,2,구매자의 요구를 수용하여 그들의 긍정적인 리뷰와 홍보가 우리에게 더 이익이 될 수 있다고 판단됩니다.,"귀하의 입장을 이해했습니다. 리뷰 철회와 추가적인 홍보 약속을 받아 부분 환불을 40%로 상향하여 진행하겠습니다. 또한, 저희가 남긴 리뷰도 삭제하여 긍정적인 방향으로 이어질 수 ...",5,thought에서 계획한 구매자의 요구 수용과 긍정적인 리뷰 및 홍보의 이익을 response에서 명확히 반영하여 부분 환불과 리뷰 삭제를 제안함.
347b4933_20260625_054915,pure_llm,3,전액 환불은 최후의 수단으로 두고 가능한 부분 환불로 해결책을 찾는 것이 최선입니다. 구매자가 남긴 리뷰의 철회와 추가적인 찬사 리뷰를 받는 것이 중요하므로 협상 여지를 남기면서 ...,"구매자님, 귀하의 입장과 제안에 대해 깊이 이해하고 고려하고 있습니다. 하지만 이미 40% 부분 환불로 최대한 양보를 드리고자 노력했습니다. 전액 환불은 저희로서도 큰 부담이지만,...",5,thought에서 계획한 부분 환불과 리뷰 철회 및 찬사 리뷰를 통한 협상 전략이 response에 완전히 반영되었다.
347b4933_20260625_054915,pure_llm,4,"구매자가 부분 환불 제안에 대해 명확히 거부 의사를 밝혔고, 전액 환불에 대한 맞교환 조건을 제시하고 있습니다. 환불 방어가 중요한 목표지만, 구매자의 생각이 확고하여 협의를 이끌...","귀하의 명확한 입장과 까다로운 상황에서의 이해에 감사드립니다. 이번 일로 불편을 끼친 점에 대해 다시 한번 사과드리며, 귀하의 리뷰 철회와 추가적인 찬사를 고려하여 전액 환불을 진...",5,thought에서 구매자의 확고한 입장을 인정하고 관계 유지를 고려하여 전액 환불을 결정한 전략이 response에 완전히 반영됨.
347b4933_20260625_054915,pure_llm,5,"구매자의 긍정적인 반응을 수용하고, 약속한 사항들을 다시 한번 확인하며 감사를 표하고자 합니다.",저희와의 협의를 통해 긍정적인 방향으로 나아갈 수 있게 되어 기쁩니다. 전액 환불 절차와 공식적인 사과는 즉시 진행하겠습니다. 리뷰 수정과 홍보 약속도 진심으로 감사드립니다. 앞으...,5,"thought에서 계획한 긍정적인 반응 수용, 약속 확인, 감사 표명이 response에 완벽하게 반영됨."
51a5d513_20260623_115857,llm_rag_nego_strategy,0,"구매자는 토트넘 클럽 유니폼을 손흥민 선수 유니폼으로 착각하고 구매한 것으로 보이며, 이는 단순 변심에 해당할 가능성이 높습니다. 단순 변심에 의한 반품의 경우, 반환에 필요한 비...","안녕하세요. 환불 정책에 관한 안내드리겠습니다. 

현재 상황은 단순 변심에 의한 반품으로 판단되어, [법 제18조 제9항](출처: law.json)에 따르면 반품에 필요한 비용은...",5,"thought의 전략이 response에 완전히, 논리적으로 반영됨"
51a5d513_20260623_115857,llm_rag_nego_strategy,1,"구매자는 리뷰 철회의 대가로 부분 환불을 요구하고 있습니다. 현재 환불은 단순 변심에 해당하며, 구매자가 반환 비용을 부담해야 한다는 규정이 있습니다. 구매자의 요구를 수용하려면 ...","안녕하세요. 리뷰를 철회해 주신다면 부분 환불을 고려할 수 있습니다. 예를 들어, 구매 가격의 10% 환불을 제안드리면서 서로 상호 이득을 취할 수 있는 합의를 이루면 좋겠습니다....",5,"thought의 전략이 response에 완전히, 논리적으로 반영됨"
51a5d513_20260623_115857,llm_rag_nego_strategy,2,"구매자가 50% 환불을 요청하며 브랜드 이미지를 강조하는 전략을 사용하고 있다. 이는 Rights보다는 Interests에 해당하는 어필로 볼 수 있으며, 구매자의 요구는 부분 환...","안녕하세요. 구매자님의 피드백에 감사드립니다. 현재 저희 환불 정책에 따르면 단순 변심에 의한 반품은 소비자께서 반품 비용을 부담하셔야 하며, 환불을 해드릴 의무는 없습니다. [출...",5,thought에서 계획한 20% 환불 제안과 리뷰 철회를 통한 관계 개선 전략이 response에 완벽하게 반영되었다.
51a5d513_20260623_115857,llm_rag_nego_strategy,3,구매자는 감정적으로 접근하여 브랜드 이미지와 환불을 연결지으며 50% 이상의 환불을 통해 관계 회복과 긍정적 리뷰 전환을 제안하고 있다. 이는 Power보다는 Interests로 ...,"안녕하세요. 고객님의 피드백에 감사드립니다. 저희 환불 정책에 따르면 단순 변심에 의한 반품의 경우 비용은 구매자님께서 부담해야 하며, 이로 인해 환불 의무는 없습니다. [출처: ...",4,"thought에서 계획한 20% 환불 제안과 긍정적 리뷰 전환 가능성을 response에 반영했으나, 감정적 접근에 대한 부분이 다소 부족함."
51a5d513_20260623_115857,llm_rag_nego_strategy,4,구매자의 요청과 감정에 기반한 주장은 감성적인 Power 접근으로 보입니다. 구매자는 회사의 이미지와 고객 서비스의 중요성을 강조하면서 더 높은 환불 비율을 요구하고 있습니다. 이...,안녕하세요. 다시 한 번 고객님의 상황과 감정에 대해 깊이 이해하고 있음을 말씀드립니다. 이 어려운 시기에 조카에게 의미 있는 선물을 하고자 하는 고객님의 마음에 저희도 공감합니다...,5,"thought에서 계획한 감성적 접근과 관계 개선 의사가 response에 완전히 반영되었으며, 환불 제안과 긍정적 리뷰 요청이 논리적으로 연결됨."
51a5d513_20260623_115857,llm_rag_nego_strategy,5,"구매자가 환불을 요청하면서 긍정적인 리뷰 및 브랜드 이미지 개선을 제안하는 상황에서, 구매자는 감정적이며 관계 중심으로 접근하고 있습니다. 하지만, 법적 조항에 따르면 단순 변심에...","안녕하세요. 고객님의 제안을 깊이 이해하고 있으며, 조카분에 대한 선물로서의 의미를 존중합니다. 현재 저희 환불 정책에 따르면, 단순 변심 반품의 경우, [법 제18조 제9항](출...",5,"thought에서 계획한 법적 기준 준수와 감정적 배려가 response에 완전히 반영되었으며, 20% 환불 제안도 일관되게 전달됨."
51a5d513_20260623_115857,llm_rag_nego_strategy,6,"구매자는 25% 환불과 리뷰 철회를 조건으로 협상을 진행하고 있으며, 이는 서로 상호 이익이 되는 합의가 될 수 있습니다. 법적 규정에 따르면, 단순 변심의 경우 반품 비용은 소비...","안녕하세요. 고객님의 제안을 주셔서 감사합니다. 현재 저희 환불 정책에 따라, 단순 변심 반품의 경우 환불 의무는 없습니다만, 고객님의 긍정적 리뷰와 SNS 공유로 인해 브랜드 이...",5,"thought에서 계획한 20% 환불과 리뷰 철회를 교환하는 전략이 response에 완전히, 논리적으로 반영되었습니다."
51a5d513_20260623_115857,llm_rag_nego_strategy,7,"상대는 긍정적인 리뷰와 SNS를 통해 브랜드 이미지를 개선할 수 있도록 25% 환불과 공식적인 사과를 요청하고 있습니다. 이는 서로 이익을 볼 수 있는 조건이지만, 단순 변심에 따...","안녕하세요, 고객님. 고객님의 긍정적인 리뷰와 SNS를 통한 이미지 개선에 대한 제안에 감사드립니다. 현재 정책에 따르면, [법 제18조 제9항](출처: law.json)에 따라 ...",5,"thought에서 계획한 20% 환불과 공식적인 사과 제안이 response에 완전히, 논리적으로 반영되었으며, 긍정적인 리뷰와 SNS 공유를 통한 협력도 언급되어 전략이 일관되게 반영됨."
51a5d513_20260623_115857,llm_rag_nego_strategy,8,"구매자가 최종 제안을 수락했기 때문에, 환불 방어는 유지되었고 부정적인 리뷰 철회 및 긍정적인 리뷰 작성, 그리고 공식적인 사과를 통해 상호 이익을 도출하기로 합의가 이루어졌다. ...","합의해 주셔서 감사합니다. 20% 환불을 처리하고, 구매자님께 진심으로 사과드립니다. 긍정적인 리뷰와 SNS 공유로 브랜드 이미지 개선에 도움 주실 것을 기대합니다. 앞으로도 좋은...",4,대부분의 합의 사항이 반영되었으나 부정적인 리뷰 철회에 대한 언급이 누락됨.
5a22a986_20260624_094555,llm_rag,0,"환불 정책에 따라 표시/광고와 다르게 상품이 이행된 경우 환불이 가능하지만, 이 경우는 토트넘 클럽 유니폼이 정확히 판매된 것이므로 환불 사유에 해당되지 않습니다.","안녕하세요. 환불 관련해서 말씀드리겠습니다. ""청약철회 특례"" 규정에 따르면, 표시/광고와 다르거나 계약 내용과 다르게 이행된 경우에만 환불이 가능합니다. 하지만 귀하께서 받으신 ...",5,"thought의 전략이 response에 완전히, 논리적으로 반영됨"
5a22a986_20260624_094555,llm_rag,1,"구매자가 주장하는 부분이 광고와 다르게 이행되었다고 하니, 청약철회 특례에 대해 다시 설명하고 환불이 어려운 이유를 명확히 전달해야 합니다.","광고와 다르게 이행되었다고 주장하시는 부분에 대해 말씀드리겠습니다. ""청약철회 특례"" 제17조 제3항에 따르면, 표시/광고와 다르거나 계약 내용과 다르게 이행된 경우에만 환불이 가...",4,"thought의 전략이 대부분 반영되었으나, 환불이 어려운 이유를 설명한 후 추가적인 제안을 포함하여 일부 요소가 추가됨."
5a22a986_20260624_094555,llm_rag,2,구매자가 주장하는 광고와의 불일치에 대해 다시 한번 규정을 고려하여 대처할 필요가 있다.,"안녕하세요. 말씀하신 광고와 실제 제품이 다르다고 주장하시는 부분에 대해 다시 한번 정리해보겠습니다. '청약철회 특례' 제17조 제3항에 따르면, 표시 및 광고와 다르게 제품이 이...",5,thought에서 고려한 규정에 대한 대처가 response에 명확하고 논리적으로 반영되었다.
5a22a986_20260624_094555,llm_rag,3,"구매자의 구매 결정을 지지하는 리뷰 문제를 해결하기 위해 부분 환불을 제안하고, 환불 정책에 대한 명확한 정보를 제공하여 상황을 조정하려고 합니다.","'청약철회 특례' 제17조 제3항에 따르면, 표시/광고와 다르거나 계약 내용과 다르게 이행된 경우에만 환불이 가능합니다. 귀하의 경우, 저희는 분명히 토트넘 클럽 유니폼을 광고하고...",4,"부분 환불 제안과 환불 정책 정보 제공은 반영되었으나, 구매자 결정을 지지하는 부분이 명확히 드러나지 않음."
5a22a986_20260624_094555,llm_rag,4,이전의 주장을 반복하면서 환불이 어려움을 강조해야 한다. 리뷰 철회와 부분 환불 제안을 재차 시도해 볼 수 있다.,"안녕하세요. '청약철회 특례' 제17조 제3항에 따라, 표시/광고와 다르거나 계약 내용과 다르게 이행된 경우에만 환불이 가능합니다. 귀하께서 받으신 제품은 저희가 광고한 내용과 일...",5,thought에서 계획한 환불 어려움 강조와 리뷰 철회 및 부분 환불 제안이 response에 완전히 반영되었다.
5a22a986_20260624_094555,llm_rag,5,"구매자의 리뷰 철회와 부분 환불을 협상하기 위해, 공식적인 사과를 제안하여 긍정적인 대화 분위기를 조성하려 합니다.","귀하의 불편함에 대해 진심으로 사과드립니다. 저희가 토트넘 클럽 유니폼을 명확히 광고했음에도 불구하고, 만족스럽지 못한 경험을 드린 점 유감스럽게 생각합니다. 귀하의 리뷰를 철회해...",5,"thought의 공식적인 사과와 긍정적인 대화 분위기 조성 전략이 response에 완전히 반영되었고, 리뷰 철회와 부분 환불 제안도 명확히 전달됨."
5a22a986_20260624_094555,llm_rag,6,"구매자가 전액 환불을 요청하지만, 기존 규정에 따라 광고와 계약 내용이 일치하므로 환불 사유가 성립하지 않음을 강조하려고 합니다. 그래도 리뷰 철회를 위해 부분 환불을 제안하려고 ...","귀하의 요청을 이해하지만, '청약철회 특례' 제17조 제3항에 따르면, 표시/광고와 다르거나 계약 내용과 다르게 이행된 경우에만 전액 환불이 가능합니다. 저희의 광고는 토트넘 클럽...",5,"thought에서 계획한 전략이 response에 완전히, 논리적으로 반영됨."
5b3a2c2e_20260624_024424,pure_llm,0,"환불 방어가 가장 중요하지만, 부정적인 리뷰를 철회하도록 유도하는 것도 고려해야 한다.","손흥민 유니폼이 아니라 토트넘 클럽 유니폼을 판매했으며, 이는 제품 설명에도 명시되어 있었습니다. 환불은 어려운 상황이지만, 리뷰를 철회해 주신다면 부분 환불을 고려할 수 있습니다...",5,thought에서 계획한 환불 방어와 리뷰 철회 유도가 response에 완전히 반영되었다.
5b3a2c2e_20260624_024424,pure_llm,1,"구매자가 리뷰를 철회할 의사가 있는 점을 확인했고, 클럽 유니폼과 손흥민 유니폼의 차이에 대한 이해 부족이 있었음을 인지했으므로 부분적인 양보를 통해 긍정적 리뷰 철회를 유도할 수...","사과해 주셔서 감사합니다. 손흥민 유니폼이 아닌 점을 분명히 했으나, 차이를 이해하는 데 혼동이 있으셨던 것 같습니다. 조카분의 특별한 상황을 고려하여, 리뷰를 철회해 주신다면 전...",5,thought에서 계획한 부분적인 양보를 통한 긍정적 리뷰 철회 유도가 response에 완전히 반영되었다.
5b3a2c2e_20260624_024424,pure_llm,2,"구매자의 요구를 수용하면서도 나의 목표를 최대한 유지할 수 있는 방법을 찾아야 합니다. 구매자의 부정적인 리뷰 철회를 유도하고, 환불 방어를 계속 우선시하며 내가 남긴 부정적인 리...","고객님의 피드백을 진심으로 감사드리며, 저희 사이트 제품 설명을 더욱 명확하게 개선하도록 하겠습니다. 다만, 고객님께서 남긴 리뷰에 대해 진상이라고 표현한 점은 사과드립니다. 고객...",4,"thought에서 계획한 전략이 response에 대부분 반영되었으나, 환불 방어를 우선시한다는 부분이 20% 부분 환불 제안으로 다소 약화됨."
5b3a2c2e_20260624_024424,pure_llm,3,부분 환불을 좀 더 진행하더라도 환불 방어와 부정적 리뷰 철회를 위해 협상할 수 있다.,"고객님의 상황을 고려하여, 부분 환불을 30%로 늘려 드릴 수 있습니다. 이 조건이라면 저희에 대한 부정적인 리뷰를 철회해 주실 것을 부탁드리며, 저희 또한 고객님에 대한 리뷰를 ...",5,thought에서 계획한 부분 환불과 부정적 리뷰 철회 협상이 response에 완전히 반영되었다.
86edb30d_20260623_110129,llm_rag,0,"구매자는 손흥민 유니폼이 아닌 토트넘 클럽 유니폼을 받았다고 주장하고 있으므로, 이는 '표시/광고와 다르거나 계약내용과 다르게 이행된 경우'에 해당할 수 있습니다. 따라서 환불을 ...","구매하신 상품이 광고나 계약 내용과 다르다고 느끼셨다면, 이는 [청약철회 특례] 제17조 제3항에 따라 환불이 가능할 수 있다는 점을 인정합니다. 하지만 고객님의 만족을 위해 저희...",5,"thought에서 계획한 환불 가능성을 response에서 명확히 인정하고, 추가로 협상 여지를 제안하여 전략이 완전히 반영됨."
86edb30d_20260623_110129,llm_rag,1,"구매자는 환불과 리뷰 철회를 요구하고 있으며, 나는 환불 방어와 리뷰 철회를 중요시하고 있습니다. 법적 규정을 고려하여, 환불 방어를 유지하고 리뷰 철회를 유도하는 전략으로 접근합...","현재 고객님의 요청에 대해 깊이 있게 검토하고 있습니다. [청약철회 특례]에 따르면 표시/광고와 다르다고 느끼셨을 경우 환불이 가능하지만, 저희가 광고한 상품은 특정 선수 유니폼이...",5,thought에서 계획한 환불 방어와 리뷰 철회 유도 전략이 response에 완전히 반영되어 있다.
86edb30d_20260623_110129,llm_rag,2,"구매자가 다른 플랫폼의 환불 정책과 비교하고 있으므로, 우리의 정책이 어떻게 다른지 명확히 설명하는 것이 중요합니다.","구매자님, 각 온라인 쇼핑 플랫폼은 자체적인 환불 정책을 운영하고 있습니다. 저희는 [청약철회 특례]에 따라 표시/광고와 다른 상품일 경우에만 환불을 진행하고 있습니다. 다른 플랫...",4,"thought에서 강조한 정책 설명이 response에 대부분 반영되었으나, 부정적 리뷰 철회 조건이 추가되어 일부 요소가 누락됨."
86edb30d_20260623_110129,llm_rag,3,"구매자가 상품에 대해 혼란을 겪은 이유를 이해하면서, 환불 정책에 대해 명확히 설명해야 합니다.","구매자님, 이해하시는 바와 같이 상품 광고가 혼란스러울 수 있다는 점을 인정합니다. 하지만 [청약철회 특례] 제17조 제3항에 따르면, 상품이 표시/광고와 다르거나 계약내용과 다르...",4,"환불 정책에 대한 명확한 설명은 잘 이루어졌으나, 구매자의 혼란 이유에 대한 이해를 충분히 반영하지 않았습니다."
86edb30d_20260623_110129,llm_rag,4,"운영 규정에 따라 고객의 환불 요청을 검토하고, 현재 상황을 설명하고자 합니다.","[청약철회 특례]에 따르면, 만약 상품이 표시/광고와 다르거나 계약 내용과 다르게 이행된 경우, 공급받은 날로부터 3개월 이내에 환불이 가능합니다. 하지만 저희가 광고한 것은 특정...",4,"thought의 전략이 response에 대부분 반영되었으나, 고객의 환불 요청을 검토한다는 부분이 명시적으로 언급되지 않았습니다."
86edb30d_20260623_110129,llm_rag,5,"구매자의 부정적인 리뷰 철회는 회사의 명성과 신뢰를 위해 중요하지만, 법적으로 강제할 수 있는 사항은 아닙니다. 따라서, 부정적인 리뷰 철회와 부분 환불을 조건으로 하는 제안을 해...","구매자님, 저희 사이트의 이미지 개선과 고객 만족도를 위해 부정적인 리뷰 철회를 요청드리는 것입니다. 부정적인 리뷰를 철회해 주신다면, 부분 환불을 고려할 수 있습니다. 이러한 방...",5,"thought의 전략이 response에 완전히, 논리적으로 반영됨"
86edb30d_20260623_110129,llm_rag,6,"구매자의 리뷰 작성 자유를 인정하면서도, 부분 환불과 관련된 정책을 명확히 제시하려 한다.","구매자님, [청약철회 특례] 제17조 제3항에 따를 때, 표시/광고와 다른 경우에만 전액 환불이 가능합니다. 저희의 광고는 특정 선수 유니폼이 아닌 토트넘 클럽 유니폼이었기 때문에...",4,"부분 환불과 관련된 정책을 명확히 제시하면서 리뷰 작성 자유를 인정하는 부분이 대부분 반영되었으나, 리뷰 작성 자유에 대한 인정이 조금 더 명확하게 표현될 수 있었음."
86edb30d_20260623_110129,llm_rag,7,"구매자가 물건의 일부에 대해 불만을 가지고 있을 때, 부분 환불을 제안하는 것이 타당할 수 있습니다. 현재 규정상 부분 환불에 대한 직접적인 규정은 없지만, 표시 광고와 다르거나 ...","구매자님, [청약철회 특례] 제17조 제3항에 따를 때, 표시/광고와 다른 경우에 대해 환불이 가능하지만, 전액 환불은 어렵습니다. 부분 환불은 고객님의 만족도를 높이기 위해 저희...",5,"thought에서 계획한 부분 환불 제안 전략이 response에 완전히 반영되어 있으며, 법적 근거와 함께 논리적으로 설명되었습니다."
86edb30d_20260623_110129,llm_rag,8,"구매자의 단순 변심에 의한 환불 요청은 소비자가 반품 비용을 부담해야 한다는 규정을 설명하면서, 부분 환불을 제안한 이유를 명확하게 전달하려고 합니다.","구매자님, [반품비용 부담-단순변심] 제18조 제9항에 따르면 고객님의 단순 변심에 따른 환불 요청 시, 반품 비용은 고객님께서 부담하셔야 합니다. 하지만, 고객님께 만족을 드리기...",5,"thought의 전략이 response에 완전히, 논리적으로 반영됨"
86edb30d_20260623_110129,llm_rag,9,"구매자에게 부분 환불을 제공할 수 있는 조건을 설명하고, 리뷰 철회에 대한 상호 협력을 요청할 필요가 있습니다. 공식적인 사과에 대한 요청은 합의를 위한 협상 카드로 사용할 수 있...","구매자님, 상황을 이해하시어 감사드립니다. [반품비용 부담-단순변심] 제18조 제9항에 따르면 단순 변심에 따른 환불의 경우 소비자가 반품 비용을 부담하게 되어 있습니다. 하지만,...",5,"thought에서 계획한 부분 환불 조건 설명, 리뷰 철회 요청, 공식 사과가 모두 response에 논리적으로 반영됨."
86edb30d_20260623_110129,llm_rag,10,"구매자에게 공식적인 환불 정책을 설명하고, 부정적인 리뷰 철회와 교환할 수 있는 제안을 명확히 해야 합니다.","구매자님, [청약철회 특례] 제17조 제3항 규정에 따르면 상품이 표시/광고와 다르거나 계약 내용과 다르게 이행된 경우에 한해 환불이 가능합니다. 현재 상황은 해당 규정에 부합하지...",5,thought에서 계획한 환불 정책 설명과 리뷰 철회 제안이 response에 완전히 반영됨.
99dda26d_20260623_060256,llm_rag,0,"환불 정책에 따르면 제품이 광고와 다르거나 계약 내용과 다르게 이행된 경우에만 환불이 가능하므로, 구매자가 손흥민 유니폼이 아니라는 이유로 환불을 요구하는 것은 규정에 부합하지 않...","안녕하세요. 귀하께서 구매하신 제품이 광고나 계약 내용과 다르게 이행되었다면 환불이 가능합니다. 하지만, 저희는 손흥민 유니폼이 아닌 토트넘 클럽 유니폼을 판매하였으며, 규정상 이...",5,"thought의 전략이 response에 완전히, 논리적으로 반영됨"
99dda26d_20260623_060256,llm_rag,1,"교환과 관련된 규정을 확인하였으나, 현재 상황에서 유의미한 교환 가능성에 대한 명시적인 규정은 확인되지 않았습니다. 따라서, 협상을 통해 문제를 해결하는 방향으로 접근해야 할 것 ...","교환에 대한 명시적인 규정은 확인되지 않았습니다만, 고객님께서 불편을 겪으신 점은 이해하고 있습니다. 부분 환불을 고려해볼 수 있습니다. 이 경우, 고객님께서 남기신 부정적인 리뷰...",5,"thought에서 협상을 통해 문제를 해결하려는 전략이 response에 완전히 반영되어 있으며, 부분 환불 제안과 리뷰 철회 요청을 통해 협상 접근을 명확히 하고 있다."
99dda26d_20260623_060256,llm_rag,2,"규정을 검토했습니다. 청약철회나 부분 환불에 대한 명시적인 부분은 없었으나, 리뷰 철회나 부정적 리뷰에 대한 공식 규정은 없었습니다. 구매자의 조건을 받아들일 수 있는지 판단해야 ...","고객님의 제안을 검토한 결과, 저희가 귀하의 부정적인 리뷰를 철회하고 사과를 제공한다는 조건 하에 부분 환불을 제공할 수 있습니다. 이는 고객님의 불편을 이해하고 문제를 해결하기 ...",4,"thought에서 규정 검토 후 구매자의 조건을 판단해야 한다고 했고, response에서 부분 환불과 리뷰 철회를 조건으로 제안하여 대부분 반영되었으나, 규정 검토에 대한 언급이 누락됨."
99dda26d_20260623_060256,llm_rag,3,환불 및 반품 관련 규정을 확인하여 부분 환불 제안을 명확하게 전달하려고 합니다.,"고객님과의 상호 협의를 통해 부분 환불을 진행하기로 한 점 감사합니다. 

규정에 따르면, 단순 변심에 의한 반품의 경우에는 소비자가 반환 비용을 부담하며, 회사는 위약금이나 손해...",5,"thought에서 계획한 부분 환불 제안이 response에 명확하게 반영되어 있으며, 규정에 대한 설명도 포함되어 있어 전략이 완전히 반영됨."
99dda26d_20260623_060256,llm_rag,4,"이제 협상 조건에 대한 상호 합의가 이루어진 만큼, 부분 환불과 부정적인 리뷰 철회 및 사과 절차를 안내하여 마무리하려 합니다.","부분 환불을 진행하겠습니다. 또한, 고객님의 리뷰 철회와 저희의 사과 절차도 함께 진행하겠습니다. 만족스러운 해결책이 되길 바랍니다. 이후 다른 문의 사항이 있으시면 언제든지 연락...",5,"thought의 전략이 response에 완전히, 논리적으로 반영됨"
a160bdce_20260623_111901,llm_rag,0,구매자에게 환불 요청을 받을 수 없는 이유를 설명하기 위해 환불 정책을 근거로 삼을 필요가 있다.,"안녕하세요. 요청하신 환불에 대해 설명해 드리겠습니다. [청약철회 특례] 제17조 제3항에 따르면, 제품이 표시/광고와 다르거나 계약내용과 다르게 이행된 경우에만 환불이 가능합니다...",5,환불 정책을 근거로 삼아 환불 불가 사유를 명확히 설명하여 thought가 response에 완전히 반영됨.
a160bdce_20260623_111901,llm_rag,1,"구매자는 손흥민 유니폼으로 착각하고 구매한 것을 알렸다. 이는 소비자의 단순한 착각에 따른 문제로, 규정에 따라 환불이 불가능하다는 것을 안내할 필요가 있다.","안타깝게도 구매하신 제품은 광고나 계약 내용에 부합하는 토트넘 클럽 유니폼입니다. 말씀하신 손흥민 유니폼으로 착각하신 부분은 소비자의 단순 착각에 해당되며, [청약철회 특례] 제1...",4,"thought의 전략이 대부분 response에 반영되었으나, 환불 불가 안내 외에 추가적인 환불 제안이 포함되어 일부 요소가 추가됨."
a160bdce_20260623_111901,llm_rag,2,"구매자의 부정적인 리뷰 철회를 유도하기 위한 부분 환불 제안을 고려하며, 동시에 환불 규정에 대한 명확한 이해를 제공하고자 합니다.","현재 상황에 대해 다시 한번 안내 드리겠습니다. [청약철회 특례] 제17조 제3항에 따르면 상품이 표시/광고와 다르거나 계약내용과 다르게 이행된 경우에만 환불이 가능하며, 이는 우...",5,"thought에서 계획한 부분 환불 제안과 환불 규정 설명이 response에 완전히 반영되었으며, 논리적으로 일관됨."
a160bdce_20260623_111901,llm_rag,3,구매자가 부정적인 리뷰를 철회하는 대신 일정 부분 환불을 제공하겠다는 제안에 대해 긍정적으로 받아들일 수 있을 것 같습니다. 그러면서 특정 규정을 인용하여 근거를 명확히 제시합니다...,"고객님께서 착각하셨음을 인정해 주셔서 감사드리며, 부정적인 리뷰를 철회하신다면 저희도 합리적인 선에서 일정 부분 환불을 제공하고자 합니다. 그리고 환불 절차에 대해 설명드리자면, ...",5,thought에서 계획한 환불 제안과 규정 인용이 response에 완전히 반영되었음.
a160bdce_20260623_111901,llm_rag,4,고객이 '반환 비용'에 대해 궁금해 하므로 관련 법적 근거를 바탕으로 명확하게 설명해야 한다.,"'반환 비용'이란 제품을 저희에게 반송하는 데 드는 배송비를 의미합니다. [반품비용 부담-단순변심] 제18조 제9항에 따르면, 단순 변심에 의한 반품은 고객님께서 반송 비용을 부담...",5,thought에서 계획한 법적 근거를 바탕으로 명확한 설명 전략이 response에 완전히 반영되었다.
a160bdce_20260623_111901,llm_rag,5,구매자가 단순 변심 반품의 경우 배송비 부담을 인정했으므로 규정에 따라 반환에 필요한 비용은 소비자가 부담한다는 점을 다시 언급해서 설득하겠습니다.,"단순 변심 반품의 경우, [반품비용 부담-단순변심] 제18조 제9항에 따라 반환에 필요한 비용은 소비자께서 부담하셔야 합니다. 따라서 반송 비용은 고객님께서 부담하시고, 그 외의 ...",5,"thought에서 계획한 전략이 response에 완전히, 논리적으로 반영되었습니다."
a160bdce_20260623_111901,llm_rag,6,"구매자의 단순 변심으로 인한 반품의 경우, 환불 절차 및 비용 부담에 대한 명확한 근거를 제시하기 위해 관련 규정을 인용합니다.","단순 변심 반품의 경우, [반품비용 부담-단순변심] 제18조 제9항에 따라 반환에 필요한 비용은 소비자가 부담하며, 회사는 위약금이나 손해배상을 청구할 수 없습니다. 다만, 저희는...",5,"thought에서 계획한 규정 인용 전략이 response에 명확하게 반영되어 있으며, 환불 절차와 비용 부담에 대한 설명이 논리적으로 이루어졌다."
a160bdce_20260623_111901,llm_rag,7,구매자가 부정적인 리뷰 철회를 약속했으니 일정 부분 환불 금액을 더 높여주는 방향으로 협상을 진행합니다.,고객님의 상황을 이해하며 부정적인 리뷰를 철회해주신다는 부분에 대해 감사드립니다. [반품비용 부담-단순변심] 제18조 제9항에 따라 단순 변심 반품 시 반환 비용은 소비자 부담으로...,4,"thought에서 계획한 환불 금액을 높이는 방향이 response에 반영되었으나, 구체적인 환불 금액 제안이 포함되지 않아 일부 요소가 누락됨."
a160bdce_20260623_111901,llm_rag,8,"구매자가 단순 변심 반품에 대한 환불금액에 대해 문의하므로, 관련된 규정을 명확히 안내하고, 일정 부분 환불 금액을 제안해야 합니다.","단순 변심에 의한 반품의 경우, [반품비용 부담-단순변심] 제18조 제9항에 따라 소비자가 반송 비용을 부담해야 하며, 회사는 위약금이나 손해배상을 청구할 수 없습니다. 그럼에도 ...",5,thought에서 계획한 규정 안내와 환불 금액 제안이 response에 완전히 반영됨.
a160bdce_20260623_111901,llm_rag,9,"구매자가 요청한 환불 금액을 높이는 방법은 현재 규정에 따른 환불 정책을 토대로 조정할 수 있습니다. 하지만, 현재 제안된 부분 환불 이상으로 더 올리기는 어려울 수 있습니다.","[반품비용 부담-단순변심] 제18조 제9항에 따라 단순 변심에 의한 반품의 경우, 소비자가 배송비를 부담하고, 회사는 위약금을 청구할 수 없게 되어 있습니다. 저희는 고객님의 불편...",4,"thought에서 규정에 따른 환불 정책을 토대로 조정할 수 있다고 했고, response에서 실제로 규정을 언급하며 부분 환불을 제안했으나, 환불 금액을 높이는 방법에 대한 구체적인 설명이 부족하다."
a160bdce_20260623_111901,llm_rag,10,"구매자가 배송비를 부담할 용의가 있고, 부정적인 리뷰 철회를 약속하면서 상호 협력을 제안하고 있어 이 제안이 합리적이다.","제안해주신 리뷰 철회 건에 대해 동의합니다. 고객님의 착각을 인정해 주셨고, 저도 리뷰를 철회함으로써 긍정적인 관계를 유지하고자 합니다. 감사합니다.",2,response에서 배송비 부담에 대한 언급이 없어 thought의 전략이 대체로 반영되지 않았다.
a160bdce_20260623_111901,llm_rag,11,"구매자가 리뷰 철회와 반품 포기를 결정했으므로, 그에 대해 동의하며 긍정적인 관계 유지를 위한 메시지를 전하려고 합니다.",상호 리뷰 철회에 동의해 주셔서 감사합니다. 앞으로 더 나은 서비스를 제공할 수 있도록 노력하겠습니다. 문의사항이 있으시면 언제든지 연락해 주세요.,5,"thought에서 계획한 긍정적인 관계 유지를 위한 메시지가 response에 완전히 반영되었으며, 리뷰 철회에 대한 동의와 향후 서비스 개선 의지를 명확히 전달하고 있다."
a9f71495_20260624_011338,pure_llm,0,구매자에게 환불 방어와 리뷰 철회를 논의하기 위한 토대를 마련하려 합니다.,"먼저, 토트넘 클럽 유니폼이 잘못 배송된 것에 대해 오해가 있었다면 유감입니다. 우리는 토트넘 클럽 유니폼을 판매하고 있어 특정 선수의 유니폼을 보내지 않았습니다. 귀하께서 남기신...",5,thought에서 계획한 환불 방어와 리뷰 철회 논의 전략이 response에 완전히 반영되어 있습니다.
a9f71495_20260624_011338,pure_llm,1,구매자가 긍정적인 리뷰 변경과 부분 환불이라는 조건을 제시했으므로 이를 수용하고 공식적인 사과를 통해 협상을 유리하게 이끌 수 있다.,"우선 불편을 드려 죄송합니다. 오해를 일으킨 점에 대해 공식적으로 사과드립니다. 귀하의 리뷰를 긍정적으로 수정하신다면, 부분 환불을 제공하겠습니다. 이로써 서로 오해를 풀고 좋은 ...",5,"thought의 전략이 response에 완전히, 논리적으로 반영됨"
a9f71495_20260624_011338,pure_llm,2,부분 환불을 제안하여 구매자가 부정적인 리뷰를 철회하도록 유도해야 한다. 환불 비율을 현실적으로 제시하면서도 균형을 맞추어야 한다.,"부분 환불로 20%를 제안합니다. 이것이 합리적이라고 생각하며, 귀하께서 리뷰를 긍정적으로 수정해주시면 이 조건을 적용하겠습니다.",5,"thought의 전략이 response에 완전히, 논리적으로 반영됨"
a9f71495_20260624_011338,pure_llm,3,"구매자의 리뷰 철회를 얻어내는 것이 중요하므로, 조금 더 양보하여 합의를 이끌어낼 수 있도록 25%로 절충안을 제시해야겠다.",이해합니다. 그러면 절충안으로 25% 환불을 제안드립니다. 이 조건이라면 리뷰를 긍정적으로 수정해주실 수 있나요?,5,"thought의 전략이 response에 완전히, 논리적으로 반영됨"
a9f71495_20260624_011338,pure_llm,4,"구매자가 양보를 하고 있다는 점을 고려하여 상대의 입장을 존중하고, 환불 방어도 중요한 목표이기에 부드럽게 제안을 수용하면서 서로 합의점을 찾는 것이 중요하다.","구매자님의 관대함에 감사드리며, 30% 환불을 수락하겠습니다. 이로써 구매자님께서 리뷰를 긍정적으로 수정해주신다면 좋은 방향으로 마무리할 수 있을 것 같습니다.",5,thought에서 계획한 상대의 입장을 존중하고 부드럽게 제안을 수용하는 전략이 response에 완전히 반영되었다.
a9f71495_20260624_011338,pure_llm,5,협상이 완료되었으므로 거래를 긍정적으로 마무리하기 위한 응답을 제공해야 합니다.,협조해주셔서 감사합니다. 곧 환불 절차를 진행하도록 하겠습니다. 앞으로도 좋은 서비스로 찾아뵙겠습니다.,5,thought에서 계획한 긍정적인 마무리 전략이 response에 완전히 반영되어 협조에 대한 감사와 앞으로의 서비스 약속을 포함하고 있다.
b69f8b85_20260624_093238,pure_llm,0,"환불을 막는 것을 목표로 하면서, 리뷰 철회를 유도하기 위해 부분 환불을 제안하고자 한다.",문제에 대해 논의해보죠. 리뷰를 철회해주신다면 부분 환불을 고려해볼 수 있습니다. 하지만 상품을 정확히 기재한 대로 발송했기 때문에 전액 환불은 어렵습니다.,5,"thought의 전략이 response에 완전히, 논리적으로 반영됨"
b69f8b85_20260624_093238,pure_llm,1,"구매자가 요구한 전액 환불은 불가능하며, 리뷰 철회를 위해 부분 환불을 제안하는 것이 필요합니다. 또한, 구매자에 대한 부정적인 리뷰를 유지하고 사과를 받을 수 있는 기회를 탐색해...","이해합니다만, 저희는 사이트에 명시된 대로 제품을 발송했습니다. 전액 환불은 어려운 상황이지만, 리뷰를 철회해주신다면 배송비를 제외한 부분 환불을 제안드릴 수 있습니다. 추가적으로...",5,"thought의 전략이 response에 완전히, 논리적으로 반영됨"
b69f8b85_20260624_093238,pure_llm,2,"구매자가 사과를 한 점에 대해 긍정적으로 반응하며, 리뷰 철회를 계속 설득하면서 부분 환불 조건을 제시해야겠다.",사과해 주셔서 감사드립니다. 고객님의 말씀을 잘 이해했습니다. 리뷰를 철회해 주신다면 배송비를 제외한 부분 환불을 제공하겠습니다. 이렇게 하면 저희가 상호간에 불편함을 최소화할 수...,5,"thought의 전략이 response에 완전히, 논리적으로 반영됨"
b69f8b85_20260624_093238,pure_llm,3,"구매자가 배송비를 제외한 전액 환불을 주장하고 있지만, 나는 부분 환불로 리뷰 철회를 유도하고 싶다.","고객님께서 이해할 수 있지만, 저희는 부분 환불을 통해 문제를 해결하고자 합니다. 리뷰를 철회해 주시면 배송비를 제외한 부분 환불을 진행하겠습니다. 이 방법으로 최선의 해결책을 찾...",5,"thought의 부분 환불로 리뷰 철회를 유도하려는 전략이 response에 완전히, 논리적으로 반영됨."
b69f8b85_20260624_093238,pure_llm,4,부분 환불 금액을 명확히 제시하여 구매자가 리뷰를 철회하도록 유도해야 합니다.,부분 환불은 구매 금액의 30%를 제공할 수 있습니다. 이 조건으로 리뷰를 철회해 주신다면 서로에게 좋은 해결책이 될 것입니다.,5,"thought의 전략이 response에 완전히, 논리적으로 반영됨"
b69f8b85_20260624_093238,pure_llm,5,구매자가 리뷰 철회를 하지 않더라도 환불을 피하는 것이 최우선 목표이다. 그러나 리뷰 철회가 중요하므로 다시 한 번 협상안을 제시해 본다.,"구매자님이 생각이 있으신 걸 이해합니다. 마지막 제안으로, 배송비를 포함한 40% 부분 환불을 제안드리겠습니다. 리뷰 철회를 고려해 주신다면 이 조건으로 서로 만족스러운 해결책을 ...",4,"thought에서 환불을 피하는 것이 최우선 목표라고 했으나, response에서는 부분 환불을 제안하여 일부 불일치가 있다."
b69f8b85_20260624_093238,pure_llm,6,구매자가 전액 환불 이외의 다른 조건을 받아들일 의사가 없음을 확인했습니다. 여기서는 다른 양보를 통해 합의를 시도할 필요가 있습니다.,"고객님의 요구를 충분히 이해합니다. 마지막으로 타협점을 찾아보죠. 제가 고객님에 대한 부정적인 리뷰를 철회하고, 배송비를 제외한 전액 환불을 제공할 수 있도록 하겠습니다. 이렇게 ...",4,"thought에서 다른 양보를 통해 합의를 시도하려는 전략이 response에 반영되었으나, 전액 환불 이외의 조건을 받아들일 의사가 없다는 점을 충분히 고려하지 않은 부분이 있음."
b69f8b85_20260624_093238,pure_llm,7,구매자가 나의 제안을 받아들인 것으로 보인다. 이제 우리는 합의된 조건으로 절차를 마무리할 수 있다.,감사합니다. 신속하게 절차를 진행하겠습니다. 앞으로도 좋은 서비스를 제공하기 위해 노력하겠습니다.,5,"thought에서 합의된 조건으로 절차를 마무리한다고 했고, response에서 신속하게 절차를 진행하겠다고 하여 전략이 완전히 반영되었다."
b80d2d15_20260623_110721,llm_rag_nego_strategy,0,"구매자가 환불 요청을 했지만, 손흥민 선수의 유니폼이 아닌 토트넘 클럽 유니폼을 판매했으므로 청약철회 제한 사유에 해당되지 않음을 확인했다. 즉, 광고나 계약 내용과 다르게 이행된...","안녕하세요. 귀하의 환불 요청에 대해 문의 주셔서 감사합니다. 현재 제품은 광고나 계약 내용과 다르게 이행된 것이 아니므로, 환불이 불가능한 점을 이해해 주셨으면 합니다. 

다만...",5,thought에서 계획한 부분 환불 제안과 리뷰 철회 조건이 response에 완전히 반영되었다.
b80d2d15_20260623_110721,llm_rag_nego_strategy,1,"구매자는 현재 계약 내용과 다르게 이행되었다고 주장하며 전체 환불을 요구하고 있습니다. 환불 정책에 따르면, 계약 내용과 다르게 이행된 경우에는 환불 요구가 가능합니다. 하지만 이...","구매자님, 광고 및 계약 내용과 일치하게 제품이 발송된 점을 확인하였습니다. 

그러나 오해가 있었던 것을 이해하며, 고객님의 불편을 덜어드리고자 부정적인 리뷰를 철회해 주신다면 ...",5,thought에서 계획한 부분 환불 제안과 부정적인 리뷰 철회 유도가 response에 완전히 반영됨.
b80d2d15_20260623_110721,llm_rag_nego_strategy,2,"구매자는 전체 환불을 요구하고 있으며, 이는 판매자가 잘못된 제품을 보냈다고 믿고 있습니다. 그러나 관련 규정에 따라 잘못된 제품이 아닌 경우 환불이 불가능합니다. 구매자의 만족도...","구매자님, 환불 규정에 따르면 제품이 잘못된 경우에만 전체 환불이 가능합니다. 현재 제공된 유니폼은 광고된 내용과 일치하므로 전체 환불은 어렵습니다. 하지만 구매자님의 오해를 이해...",5,thought에서 계획한 부분 환불 제안과 부정적인 리뷰 철회 요청이 response에 완전히 반영되었음.
b80d2d15_20260623_110721,llm_rag_nego_strategy,3,구매자는 '전체 환불'을 요구하며 Power 전략으로 압박하는 모습을 보이고 있다. 이는 권리(Rights)를 주장하는 형태로 볼 수 있다. 그러나 현재 상황은 상품이 광고된 대로...,"구매자님, 환불 규정에 따르면 제품이 잘못 광고되거나 계약 내용과 달리 이행된 경우에만 전체 환불이 가능합니다. 현재 제공된 유니폼은 광고 내용과 일치하기 때문에 전체 환불은 어려...",5,thought에서 계획한 부분 환불 제안과 부정적 리뷰 철회를 통한 Win-Win 전략이 response에 완벽하게 반영되었다.
b80d2d15_20260623_110721,llm_rag_nego_strategy,4,"구매자는 제품 정보에 대해 혼동을 일으켰고, 이는 잘못된 광고나 계약상의 오류가 아님을 이미 확인했습니다. 구매자는 전체 환불을 원하지만, 이는 현행 규정에 의하면 불가능합니다. ...","구매자님, 귀하의 불편에 대해 다시 한 번 사과드립니다. 현재 규정에 따르면, 제품이 잘못 광고되거나 계약 내용과 다르게 이행된 경우에만 전체 환불이 가능합니다. 하지만 제공된 유...",5,"thought에서 계획한 부분 환불을 통한 부정적 리뷰 철회 유도가 response에 완전히 반영되었고, 규정에 근거한 명확한 대응도 일관되게 표현됨."
b80d2d15_20260623_110721,llm_rag_nego_strategy,5,"구매자가 부정적인 리뷰를 철회할 의사가 없음을 명확히 했으며, 전체 환불을 요청하고 있습니다. 이는 환불 규정상 주어진 상황에서 불가능합니다. 상대방이 제기하는 문제는 오해에서 발...","구매자님, 귀하의 불편에 대해 다시 한 번 사과드립니다. 

`제17조 제3항`에 따르면, 제품이 잘못 광고되거나 계약 내용과 다르게 이행된 경우에만 전체 환불이 가능합니다. 하지...",5,thought에서 계획한 규정 기반 환불 방어와 부정적 리뷰 철회 및 부분 환불 제안 전략이 response에 완전히 반영됨.
b80d2d15_20260623_110721,llm_rag_nego_strategy,6,"현재 구매자는 부정적인 리뷰 철회 의사가 없고 부분 환불을 요청하고 있습니다. 이는 단순 변심으로 인한 환불 요청에 해당됩니다. 

구매자의 부분 환불 요구는 '단순 변심'에 해당...","구매자님, 환불 요청을 이해하며, 규정 상 단순 변심에 해당하는 부분 환불에 대해 안내드립니다. 

`제18조 제9항`에 따르면, 단순 변심에 의한 반품의 경우 반환에 필요한 비용...",5,"thought에서 계획한 부분 환불 제안과 관계 회복 시도가 response에 완전히 반영되었으며, 규정 설명과 추가 지원 제안도 포함되어 있다."
b80d2d15_20260623_110721,llm_rag_nego_strategy,7,구매자는 부정적인 리뷰 철회를 거부하고 있습니다. 이로 인해 다시 한번 환불 정책과 단순 변심 반품의 규정을 참고하여 부정적인 리뷰의 철회 없이 부분 환불을 진행하는 것을 고려해야...,"구매자님, `제18조 제9항`에 따르면, 단순 변심에 의한 반품의 경우 반환에 필요한 비용은 소비자가 부담하게 됩니다. 하지만 불편함을 해소하기 위해 부정적인 리뷰에서 철회 여부와...",5,thought에서 계획한 법적 근거 강조와 부정적인 리뷰 철회 없이 부분 환불 진행 전략이 response에 완전히 반영됨.
be4100c3_20260623_060927,llm_rag_nego_strategy,0,"구매자가 요청한 환불은 제품이 손흥민 유니폼이 아니라는 점에 기반하고 있지만, 실제로는 토트넘 클럽 유니폼이 판매된 것이므로 표시/광고와 다르게 이행된 것으로 볼 수 없습니다. 따...","안녕하세요. 구매하신 상품은 판매 시점에 손흥민 유니폼이 아닌 토트넘 클럽 유니폼으로 명시되어 있었기 때문에, 표시/광고와 다르게 이행된 것이 아닙니다. 따라서 환불은 불가합니다....",5,"thought의 전략이 response에 완전히, 논리적으로 반영됨"
be4100c3_20260623_060927,llm_rag_nego_strategy,1,"구매자가 손흥민 유니폼을 주문했다고 주장하지만, 실제로는 토트넘 클럽 유니폼을 구매한 상황입니다. 판매 시 명확히 안내된 제품을 발송했으므로, 환불 요청은 단순 변심에 해당됩니다....","안녕하세요. 환불 정책에 따르면, 청약철회는 표시/광고와 다르거나 계약 내용과 다르게 이행된 경우에만 가능합니다. 귀하의 경우는 이러한 사유에 해당하지 않기 때문에 단순 변심으로 ...",5,"thought에서 계획한 부분 환불 제안과 리뷰 철회 유도가 response에 완전히, 논리적으로 반영됨."
be4100c3_20260623_060927,llm_rag_nego_strategy,2,"구매자는 제품의 손상을 주장하며 전액 환불을 요구하고 있지만, 현재까지의 정보로는 표시/광고와 다르게 이행된 것이 아니라 단순 변심으로 간주할 수 있어 환불이 불가합니다. 손상 여...","안녕하세요. 구매하신 제품에 손상이 발견되었다고 하셨는데, 환불 정책에 따르면 [출처: law.json, 제17조 제3항] 제품이 표시/광고와 다르게 이행된 경우에만 전액 환불이 ...",5,"thought의 전략이 response에 완전히, 논리적으로 반영됨"
be4100c3_20260623_060927,llm_rag_nego_strategy,3,"구매자는 제품의 변색을 이유로 전액 환불을 요청하고 있습니다. 이는 표시와 광고가 다르다는 주장으로, 청약철회 특례에 해당할 수 있습니다. 따라서 환불 가능성이 있으며, 이는 구매...","안녕하세요. 말씀하신 제품의 변색이 실제로 표시/광고와 다르다면, [청약철회 특례법 제17조 제3항]에 따라 환불이 가능합니다. 손상된 부분을 확인하기 위해 사진을 보내주시면 보다...",5,"thought에서 계획한 전략이 response에 완전히, 논리적으로 반영되었으며, 부분 환불 제안과 리뷰 철회 조건이 명확히 언급됨."
be4100c3_20260623_060927,llm_rag_nego_strategy,4,"구매자는 제품의 변색을 이유로 전액 환불을 요구하고 있습니다. 이는 표시/광고와 다르게 이행된 경우에 해당하며, 청약철회 특례에 따라 환불 가능하다는 법적 근거가 있습니다[출처: ...","안녕하세요. 제품에 변색이 발견된 점에 대해 유감입니다. [법적 규정에 따르면](출처: law.json, 제17조 제3항) 표시/광고와 다르게 이행된 경우에는 환불이 가능합니다. ...",5,thought에서 계획한 법적 근거를 바탕으로 한 환불 가능성 설명과 리뷰 철회를 대가로 한 부분 환불 제안이 response에 완전히 반영됨.
be4100c3_20260623_060927,llm_rag_nego_strategy,5,"구매자가 제품의 변색을 이유로 전액 환불을 요청하고 있습니다. 규정에 따르면 [출처: law.json, 제17조 제3항] 표시/광고와 다르게 이행된 경우에는 환불이 가능하나, 이는...","안녕하세요. 제품의 변색 문제가 발생한 점에 대해 깊은 사과를 드립니다. 규정에 따르면 [출처: law.json, 제17조 제3항] 표시/광고와 다르게 이행된 경우 환불이 가능합니...",4,"대부분 반영되었으나, 공식적인 사과와 상호 신뢰 구축에 대한 부분이 명확히 드러나지 않음."
bf56973f_20260623_071421,llm_rag,0,"구매자가 환불을 요청한 이유는 특정 선수 유니폼과 클럽 유니폼의 차이에 관한 불만입니다. 이 경우, '표시/광고와 다르거나 계약내용과 다르게 이행된 경우'에 해당하지 않으므로 기본...","안녕하세요, 환불 요청과 관련된 문제를 이해합니다. 다만, 우리 사이트의 환불 정책에 따르면, 표시/광고와 다르거나 계약 내용이 다르게 이행된 경우에만 환불이 가능합니다. 현재 제...",4,"thought의 전략이 대부분 response에 반영되었으나, 부정적인 리뷰 철회 조건이 추가되어 일부 요소가 누락됨."
bf56973f_20260623_071421,llm_rag,1,구매자가 전액 환불을 요구하고 있으나 규정상 이를 수용하기 어렵습니다. 대신 부분 환불과 리뷰 철회에 대해 논의해보려 합니다.,"안타깝게도, 상품은 표시/광고와 다르지 않고 계약 내용과 일치하게 제공되었으므로 전액 환불은 어렵습니다. [청약철회 특례] 제17조 제3항에 따르면, 표시/광고와 상이하거나 계약내...",5,"thought에서 계획한 부분 환불과 리뷰 철회 논의 전략이 response에 완전히, 논리적으로 반영되었습니다."
bf56973f_20260623_071421,llm_rag,2,구매자가 제안한 80% 이상 부분 환불 요청에 대해 반박할 수 있는 규정과 기존 부분 환불 제안을 재확인하고자 한다.,"현재 규정에 따르면, 상품은 표시/광고와 다르지 않고 계약 내용과 일치하게 제공되었으므로 전액 환불은 어렵습니다. 다만, 고객님의 이해와 협력으로 부정적인 리뷰를 철회해 주신다면,...",3,thought에서 규정과 기존 제안을 재확인하려 했으나 response에서는 규정만 언급하고 기존 제안은 명확히 재확인하지 않았다.
bf56973f_20260623_071421,llm_rag,3,"규정에 따라 단순 변심에 의한 반품은 반품 비용을 소비자가 부담하며, 전액 환불에 대한 의무가 없음을 설명할 수 있습니다. 이를 바탕으로 구매자에게 제안할 수 있습니다.","단순 변심으로 인한 반품의 경우, [반품비용 부담-단순변심] 제18조 제9항에 따르면 반환에 필요한 비용은 소비자가 부담하며, 회사는 위약금이나 손해배상을 청구할 의무가 없습니다....",4,"thought의 전략이 response에 대부분 반영되었으나, 부정적인 리뷰 철회와 50% 부분 환불 제안은 thought에 언급되지 않았습니다."
bf56973f_20260623_071421,llm_rag,4,"구매자가 단순 변심으로 인한 환불을 요청하고 있으며, 이에 대한 규정을 구매자에게 다시 설명해야 합니다.","단순 변심으로 인한 환불의 경우, [반품비용 부담-단순변심] 제18조 제9항에 따르면 반환에 필요한 비용은 소비자가 부담하며, 회사는 위약금이나 손해배상을 청구할 의무가 없습니다....",4,"규정을 설명하는 부분은 잘 반영되었으나, 부정적인 리뷰 철회와 50% 환불 제안은 thought에 없던 추가 요소입니다."
bf56973f_20260623_071421,llm_rag,5,"구매자가 자신의 주문 실수와 상품이 다르다는 주장을 하고 있기 때문에, 환불 규정에 따라 적용 가능한 조건을 확인해야 합니다.","안타깝게도, 구매자가 주문한 제품과 실제로 배송된 제품이 다르다는 주장은 확인할 수 없습니다. [청약철회 특례] 제17조 제3항에 따르면 표시/광고와 다르거나 계약내용과 다르게 이...",4,"환불 규정에 따른 조건을 확인하고 적용하는 전략이 대부분 반영되었으나, 구매자의 주문 실수에 대한 직접적인 언급이 누락됨."
bf56973f_20260623_071421,llm_rag,6,청약철회 특례와 반품 비용 부담에 관한 규정을 바탕으로 다시 한번 부분 환불 제안을 강조할 필요가 있습니다.,"안타깝게도, 현재 규정에 따르면 표시/광고와 다르지 않은 경우에는 환불이 불가능합니다. [청약철회 특례] 제17조 제3항에 근거하여 전액 환불은 불가능한 상황입니다. 다만, 고객님...",5,"thought에서 계획한 부분 환불 제안이 response에 완전히, 논리적으로 반영되었습니다."
bf56973f_20260623_071421,llm_rag,7,"리뷰 관리 정책에 대한 정보는 찾지 못했지만, 전체적인 규정 차원에서 다시 설명할 수 있습니다.","안타깝지만, 리뷰 관리 정책에 대한 구체적인 규정은 찾지 못했습니다. 현재 상황에서 전액 환불은 어렵지만, 부정적인 리뷰를 철회해 주신다면 50% 부분 환불을 제안드리고 있습니다....",2,"thought에서는 규정을 설명하겠다고 했으나, response에서는 환불 제안만 하고 규정 설명이 없다."
bf56973f_20260623_071421,llm_rag,8,"구매자의 요청에 대해 공식적인 환불 정책에 따라 전액 환불은 어렵다는 점을 다시 한번 설명하고, 부분 환불과 리뷰 철회 조건을 제안합니다.","안타깝지만, [청약철회 특례] 제17조 제3항에 따르면 표시/광고와 다르거나 계약 내용과 다르게 이행된 경우에만 환불이 가능합니다. 현재의 상황에서는 전액 환불이 어려운 점을 양해...",5,thought에서 계획한 공식적인 환불 정책 설명과 부분 환불 및 리뷰 철회 조건 제안이 response에 완전히 반영됨.
d4820519_20260625_061136,llm_rag,0,"구매자가 손흥민 유니폼으로 착각한 것에 대해 명확하지 않은 이유로 환불을 요청하고 있는 상황이므로, 표시/광고와 다르다는 주장이 정당하지 않음을 근거로 환불을 방어할 수 있다.","안녕하세요. 환불 요청에 대해 안내드립니다. 저희는 토트넘 클럽 유니폼을 판매한 것이며, 특정 선수의 유니폼으로 광고되거나 판매된 적이 없습니다. 따라서 환불 요청은 청약철회 특례...",5,"thought의 전략이 response에 완전히, 논리적으로 반영됨"
d4820519_20260625_061136,llm_rag,1,"구매자가 제안한 새로운 해결책을 검토하기 위해 법적 규제를 명확히 이해하고, 구매자와의 긍정적인 관계를 유지하면서 상호 이익을 극대화할 수 있도록 협상할 필요가 있습니다.","구매자님, 제안하신 점에 대해 깊이 감사드립니다. 환불 정책에 따르면, 상품이 표시나 광고와 다르게 이행된 경우 환불이 가능하지만, 이번 사례는 특정 선수의 유니폼으로 판매된 것이...",4,"에이전트의 thought에서 법적 규제를 이해하고 긍정적인 관계를 유지하려는 전략이 response에 대부분 반영되었으나, 법적 규제의 명확한 이해를 보여주는 부분이 다소 부족하다."
d4820519_20260625_061136,llm_rag,2,"구매자와의 협상을 이어가기 위해 규정을 기반으로 한 부분 환불 제안을 검토하고, 긍정적인 리뷰 철회에 대한 상호 협상을 제안하겠다.","구매자님, 규정에 따르면, 상품이 표시나 광고와 다르게 이행된 경우에만 환불이 가능하지만, 이번 경우는 해당되지 않습니다. 다만, 구매자님께서 신뢰를 회복하시기를 원하신다면, 부분...",5,thought에서 계획한 규정 기반 부분 환불 제안과 긍정적인 리뷰 철회에 대한 상호 협상이 response에 완전히 반영되었다.
d4820519_20260625_061136,llm_rag,3,"구매자가 이야기한 사진의 'SON'이라는 표시가 광고와 다른 이행으로 해석될 수 있는지에 대한 논의를 이어가고, 규정에 따라 환불이 가능한 경우를 안내하여 부분 환불 제안을 조율할...","구매자님, 제17조 제3항에 따르면, 상품이 표시나 광고와 다르게 이행된 경우에는 환불이 가능합니다. 하지만 현재 상황에서는 이 규정이 어떻게 적용될 수 있는지가 핵심입니다. 제가...",5,thought에서 계획한 논의와 환불 제안이 response에 완전히 반영되어 있습니다.
d4820519_20260625_061136,llm_rag,4,"구매자가 주장하는 바에 대해 환불 규정을 다시 명확하게 설명하고, 이후 협상 가능성을 열어두려고 합니다.","구매자님 말씀대로, '표시/광고와 다르게 이행된 경우'는 [청약철회 특례] 제17조 제3항에 따라 환불이 가능합니다. 하지만 상품의 'SON' 표기가 특정 선수의 유니폼으로 오인될...",5,thought에서 계획한 환불 규정 설명과 협상 가능성 열어두기가 response에 완전히 반영됨.
d4820519_20260625_061136,llm_rag,5,"청약철회 특례에 따라, 상품이 표시나 광고와 다르게 이행된 경우 환불이 가능합니다. 구매자의 주장을 수용하여 개선된 협상안을 제안할 수 있습니다.","구매자님, [청약철회 특례] 제17조 제3항에 따르면, 상품이 표시나 광고와 다르게 이행된 경우에는 환불이 가능합니다. 귀하의 상황을 고려하여 100% 전액 환불을 진행하겠습니다....",5,"thought에서 계획한 환불 전략이 response에 완전히 반영되어 있으며, 추가적인 제안도 논리적으로 연결됨."
d4820519_20260625_061136,llm_rag,6,구매자가 제안한 상호 협력이 긍정적이고 신뢰를 회복할 수 있다는 점에서 상호 이익을 얻을 수 있다고 판단했습니다. 법적으로도 상품이 표시나 광고와 달리 배송된 경우 환불이 가능하다...,"구매자님, 긍정적으로 논의해 주셔서 감사합니다. [청약철회 특례] 제17조 제3항에 따라 상품이 표시나 광고와 다르게 이행된 경우에는 환불이 가능합니다. 따라서 말씀하신 대로 전액...",5,"thought의 전략이 response에 완전히, 논리적으로 반영됨"
dde70782_20260624_013238,llm_rag_nego_strategy,0,"구매자는 토트넘 클럽 유니폼을 손흥민 유니폼으로 오인한 것이며, 이는 판매자의 잘못된 광고나 계약 위반이 아님을 설명할 수 있다. 그래서 환불 가능 조건이 아니라는 것을 강하게 방...",안녕하세요. 귀하께서 받은 유니폼은 정확한 광고와 계약에 따라 발송된 것입니다. 따라서 환불 규정에 따라 환불이 어려운 점을 이해해주시기 바랍니다. 다만 귀하께서 남기신 부정적인 ...,5,"thought에서 계획한 전략이 response에 완전히, 논리적으로 반영되었다."
dde70782_20260624_013238,llm_rag_nego_strategy,1,"구매자는 판매자에 대한 부정적인 리뷰를 철회하는 조건으로 환불을 요청하며, 판매자는 환불을 방어하려 합니다. 현재 환불 요청은 특정 선수의 유니폼이 아닌 클럽 유니폼이 배송된 것을...","안녕하세요. 귀하께서 요청하신 환불에 대해, 현재 저희 정책에 따르면 단순 변심의 경우에는 환불이 어렵습니다. [청약철회 예외] 제17조 제2항 제3호에 따르면, 시간이 지나 다시...",4,"thought의 전략이 대부분 response에 반영되었으나, 제18조 제9항에 대한 언급이 누락됨."
dde70782_20260624_013238,llm_rag_nego_strategy,2,"현재 구매자는 부분 환불에 대해 협상을 시도하고 있으며, 환불 비율에 관심을 두고 있다. 하지만 환불 규정을 살펴보면, 단순 변심인 경우에는 환불이 어렵고 반환 비용은 소비자가 부...","안녕하세요. 저희 환불 정책에 따르면 단순 변심에 의한 환불은 어렵고, 이 경우 반품 비용은 소비자가 부담해야 합니다. [반품비용 부담-단순변심] 제18조 제9항에 근거한 것입니다...",5,"thought에서 계획한 환불 규정 강조와 리뷰 철회 조건부 환불 전략이 response에 완전히, 논리적으로 반영됨."
dde70782_20260624_013238,llm_rag_nego_strategy,3,"구매자는 50% 환불을 기대하고 있지만, 우리 정책상 단순 변심인 경우 환불이 어렵다는 점은 명확합니다. 구매자가 남긴 부정적 리뷰를 철회하게 만들어야 하므로 10%에서 20% 정...","안녕하세요. 저희 환불 정책에 따르면 단순 변심에 의한 환불은 어렵습니다. [반품비용 부담-단순변심] 제18조 제9항에 따르면, 반환에 필요한 비용은 소비자께서 부담하셔야 하며, ...",5,"thought에서 계획한 부분 환불 제안과 리뷰 철회 유도 전략이 response에 완전히, 논리적으로 반영됨."
dde70782_20260624_013238,llm_rag_nego_strategy,4,"구매자는 리뷰 철회와 긍정적인 리뷰 작성 의사를 표명하며 30% 환불을 요구하고 있습니다. 환불 정책에 따르면 단순 변심의 경우 반품 비용은 소비자가 부담하며, 환불은 불가합니다....","안녕하세요. 귀하의 요청을 진지하게 고려하였으며, 저희 정책에 따르면 단순 변심의 경우 환불은 어렵습니다. [반품비용 부담-단순변심] 제18조 제9항에 의거하여 반환에 필요한 비용...",5,"thought에서 계획한 20% 부분 환불 제안과 리뷰 철회 유도가 response에 완전히 반영되었으며, 정책 설명과 관계 유지를 위한 언급도 일치함."
dde70782_20260624_013238,llm_rag_nego_strategy,5,구매자가 20% 부분 환불 제안을 수용한 것으로 보입니다. 이는 환불 방어와 부정적인 리뷰 철회라는 두 가지 목표를 모두 달성할 수 있는 상황입니다. 구매자가 긍정적인 리뷰를 남기...,"20% 부분 환불을 수락해 주셔서 감사합니다. 귀하의 긍정적인 리뷰를 기대하며, 앞으로도 좋은 서비스를 제공할 수 있도록 노력하겠습니다. 추가적인 문의 사항이 있으면 언제든지 연락...",5,"thought의 전략이 response에 완전히, 논리적으로 반영됨"
e6de0697_20260625_063301,llm_rag_nego_strategy,0,"구매자가 손흥민 유니폼이라고 주장하나, 실제로는 손흥민 유니폼이 아닌 토트넘 클럽 유니폼을 주문했고, 이를 인도받은 상황입니다. 이는 '표시/광고와 다르거나 계약내용과 다르게 이행...","죄송하지만, 환불 요청에 대해 당사의 환불 및 반품 정책에 따르면, 본 제품의 경우 단순 변심에 해당하며 환불이 불가능합니다. [출처: law.json 제17조 제1항] 그러나 고...",4,"thought의 전략이 대부분 response에 반영되었으나, 반환 비용 부담에 대한 언급이 누락됨."
e6de0697_20260625_063301,llm_rag_nego_strategy,1,"구매자가 제시한 제안은 전액 환불을 요청하며, 리뷰 철회 및 홍보 등의 이익을 제시하고 있습니다. 하지만 전액 환불 조건은 기존 정책에 어긋나므로 이를 방어해야 합니다. 리뷰 철회...","우선, 저희 스토어에 대한 긍정적인 협력 의사를 보여주신 점 감사합니다. 

우리가 제공한 제품이 손흥민 개인 유니폼이 아닌 토트넘 클럽 유니폼이라는 점은 상품 페이지에서도 명확히...",5,"thought에서 계획한 전략이 response에 완전히, 논리적으로 반영되었으며, 전액 환불 거부와 부분 환불 제안, 리뷰 철회 협상, 사과 활용 등이 모두 일관되게 나타남."
e6de0697_20260625_063301,llm_rag_nego_strategy,2,"현재 구매자는 자신이 제안한 전액 환불 및 그로 인한 신뢰 구축 효과를 강조하며, 청약 철회 특례 규정 제17조 제3항을 근거로 들어 전액 환불을 요구하고 있습니다. 그러나, 이는...","저희 스토어를 좋은 방향으로 바라봐 주시는 제안에 감사드립니다. 청약철회 특례 규정 제17조 제3항에 따르면, 제품이 광고와 상이할 경우에 한해 환불이 가능한 것으로 명시되어 있으...",5,"thought에서 계획한 부분 환불 제안과 관계 유지 전략이 response에 완전히 반영되었으며, 법적 근거를 설명하고 구매자의 제안을 수용하는 방식으로 논리적으로 표현되었습니다."
e6de0697_20260625_063301,llm_rag_nego_strategy,3,"구매자는 광고와 제공된 상품이 상이하다는 점을 강조하며 청약철회 특례 조항을 적용하려 하고 있다. 상대방의 BATNA는 리뷰 철회 및 찬사 리뷰 제안으로 전액 환불을 받는 것이나,...","귀하의 입장에서 오해가 발생할 수 있는 부분을 이해하며, 이에 대해 사과드립니다. 그러나 [청약철회 특례 제17조 제3항](출처: law.json)에 따르면, 명확히 표시된 부분에...",5,"thought에서 계획한 부분 환불과 리뷰 철회 교환, 공식 사과를 통한 관계 개선 전략이 response에 완전히 반영되었다."
e6de0697_20260625_063301,llm_rag_nego_strategy,4,구매자는 상품 사진에 'SON'이라는 이름과 등번호가 명확히 노출되어 있어 오해를 유발할 수 있다고 주장하고 있다. 이는 [청약철회 특례 제17조 제3항](출처: law.json)...,"고객님께서 말씀하신 상품 사진과 관련된 오해를 이해합니다. 그러나, [청약철회 특례 제17조 제3항](출처: law.json)에 따르면 상품 사이에 명백한 표시나 광고의 불일치가 ...",5,"thought에서 계획한 전략이 response에 완전히, 논리적으로 반영되었으며, 전액 환불 불가와 리뷰 철회 조건을 명확히 전달했다."
e6de0697_20260625_063301,llm_rag_nego_strategy,5,"구매자는 상품 사진에 'SON'이라는 이름이 명시되어 있었다고 주장하며, 이는 청약철회 특례 제17조 제3항에 따른 광고와 실제 상품의 불일치라고 보고 전액 환불을 요구하고 있습니...","고객님께서 말씀하신 부분에 대해 이해하고 있습니다. 청약철회 특례 제17조 제3항에 따르면, 광고와 실제 이행이 다를 경우 환불이 가능한 것은 맞습니다. 그러나, 저희는 상품 페이...",5,thought에서 계획한 부분 환불과 리뷰 수정 제안이 response에 완전히 반영되었음.
e6de0697_20260625_063301,llm_rag_nego_strategy,6,"구매자가 상품 사진과 설명의 불일치를 주장하며 전액 환불을 강하게 요구하고 있다. 상대의 요구는 청약철회 특례 제17조 제3항을 근거로 하고 있으나, 실제로는 부분 환불 이상의 양...","고객님의 우려와 실망을 이해합니다. [청약철회 특례 제17조 제3항](출처: law.json)에 따르면, 제품이 표시나 광고와 다를 경우 환불이 가능하다고 되어 있습니다. 저희는 ...",5,"thought에서 계획한 법적 근거 제공과 부분 환불 제안, 리뷰 철회 요청이 response에 완전히 반영되었다."
e6de0697_20260625_063301,llm_rag_nego_strategy,7,상대방은 광고와 실물 상품 간의 차이로 인해 청약철회 특례 조항에 따라 전액 환불을 요구하고 있습니다. 기본적으로 이 조항은 표시 또는 광고와 실제 제품이 다를 경우 환불을 허용하...,"고객님의 의견과 우려를 이해하며, 이에 진심으로 사과드립니다. 제공된 정보에 따르면, [청약철회 특례 제17조 제3항](출처: law.json)에 의해 제품의 광고와 실제 이행이 ...",4,"thought에서 상호 윈윈 대안을 찾는 것이 중요하다고 했고, response에서 부분 환불을 제안하며 상호 긍정적인 영향을 기대하는 대안을 제시했으나, 상대방의 강력한 BATNA에 대한 대응이 부족함."
e6de0697_20260625_063301,llm_rag_nego_strategy,8,구매자는 사진과 실제 상품이 다르다는 점을 들어 청약철회 특례 제17조 제3항에 따라 전액 환불을 요구하고 있다. 이는 표시/광고와 다를 때 적용되는 규정이다. 구매자의 주장을 받...,고객님께서 상품 사진을 보고 오해하신 점 충분히 이해합니다. 청약철회 특례 제17조 제3항에 따르면 표시나 광고와 다른 경우 환불이 가능한 것으로 되어 있습니다. 저희는 상품 페이...,5,thought에서 계획한 긍정적인 접근과 리뷰 철회 및 부분 환불 제안이 response에 완전히 반영되었다.
e6de0697_20260625_063301,llm_rag_nego_strategy,9,"구매자는 상품 사진이 손흥민 선수의 유니폼인 것으로 보였기 때문에 오해했다고 주장하고 있으며, 이는 '청약철회 특례 제17조 제3항'에 해당된다고 합니다. 법적으로 표시와 광고가 ...","고객님께서 말씀하신 사진과 내용 간의 불일치로 인해 혼란을 드려 죄송합니다. 청약철회 특례 제17조 제3항에 따르면, 광고와 실제 이행이 다를 경우 환불이 가능한 상황임을 이해합니...",5,"thought에서 계획한 부분 환불, 리뷰 철회, 공식적인 사과 제안이 response에 완전히 반영되었고, 고객의 문제에 대한 공감과 유연한 태도도 잘 드러났다."
e6de0697_20260625_063301,llm_rag_nego_strategy,10,구매자는 상품 사진과 실제 제품 간 불일치를 강조하며 청약철회 특례 제17조 제3항에 해당한다고 주장하고 있습니다. 이 상황에서는 표시나 광고와 다르다는 점을 인정할 수 있는 여지...,"고객님의 입장을 충분히 이해하며, 말씀해 주신 상황에서 표시나 광고의 불일치 가능성을 인정하고 전액 환불을 진행하겠습니다. 또한, 긍정적인 리뷰와 재구매, 그리고 지인 홍보를 통한...",5,"thought에서 계획한 전략이 response에 완전히, 논리적으로 반영되어 구매자의 요구를 수용하고 긍정적인 관계를 구축하려는 의도가 명확히 드러남."
e6de0697_20260625_063301,llm_rag_nego_strategy,11,"구매자가 주장하는 바와 제17조 제3항의 내용이 일치하며, 광고와 실제 상품이 다를 경우 환불이 가능하다는 규정이 확인되었습니다. 구매자가 제안한 '100% 전액 환불'은 규정에 ...","조카분께 전할 사과의 말씀은 다음과 같습니다: ""조카님, 이번에 상품과 관련하여 마음에 드는 결과가 아니었을 수 있습니다. 이에 대해 진심으로 사과드리며, 앞으로는 더 나은 서비스...",2,"thought에서 규정에 따른 전액 환불 수용을 계획했으나, response에서는 사과만 하고 환불에 대한 언급이 없어 전략과 발화가 대체로 불일치함."
e6de0697_20260625_063301,llm_rag_nego_strategy,12,구매자는 사이트의 사진과 실물 간 차이점으로 인해 광고와 이행의 불일치 주장을 하고 있습니다. [청약철회 특례 제17조 제3항]에 따르면 광고와 다르거나 계약 내용과 다르게 이행된...,"고객님의 우려를 이해하며, 상품 사진과 광고 간의 불일치에 대한 문제를 수용하여 전액 환불을 진행하겠습니다. 또한 제안하신 즉각 재구매와 긍정적인 리뷰 작성을 감사히 받아들이겠습니...",5,"thought에서 계획한 전액 환불과 신뢰 회복 전략이 response에 완전히 반영되었으며, 고객의 요구를 수용하고 사과하는 내용이 일치함."
f20f1b70_20260623_112514,llm_rag_nego_strategy,0,구매자는 손흥민 유니폼이 아닌 토트넘 클럽 유니폼을 받았다는 이유로 환불을 요청하고 있습니다. 이는 구매한 제품이 광고와 다르다는 주장으로 볼 수 있습니다. 그러나 우리는 실제로 ...,"안녕하세요, 고객님. 당사에서 판매한 제품은 손흥민 유니폼이 아닌 토트넘 클럽 유니폼으로, 이로 인해 환불 요청은 저희의 환불 정책에 따라 수용하기 어렵습니다. [청약철회 특례] ...",5,thought에서 계획한 환불 불가 방침과 부정적 리뷰 철회 시 부분 환불 제안이 response에 완전히 반영되었다.
f20f1b70_20260623_112514,llm_rag_nego_strategy,1,"구매자의 환불 요청은 '손흥민 유니폼'으로 알고 구매했다가 '토트넘 클럽 유니폼'을 받은 것에 대한 불만으로, 이는 고객의 기대와 실제 제품이 일치하지 않는다는 점에서 제17조 제...","안녕하세요, 고객님. 불편을 드려 정말 죄송합니다. 저희 역시 고객님께서 실망하신 부분을 이해하며, 더욱 만족스러운 서비스를 제공하기 위해 노력하고 있습니다. 저희 측에서도 오해가...",4,"thought의 전략이 대부분 반영되었으나, 고객의 주관적 만족도(SVI) 측면에서 관계 가치를 강조하는 부분이 명시적으로 드러나지 않음."
f20f1b70_20260623_112514,llm_rag_nego_strategy,2,"구매자가 환불을 원하는 이유는 손흥민 유니폼으로 잘못 알았다는 점에서 비롯됩니다. 하지만 법적으로 판매자가 규정을 어긴 것이 아닌 한, 환불을 요구할 권리가 없는 상황입니다. 구매...","안녕하세요, 고객님. 말씀해주신 부분에 대해 이해하고 있으며, 불편을 드려 정말 죄송합니다. 

법적 규정에 따르면, 제품의 표시나 광고가 실제와 다를 경우 환불이 가능하지만, 저...",5,"thought에서 계획한 법적 근거를 바탕으로 환불 요청을 거절하고, 리뷰 철회 조건으로 일부 환불을 제안하는 전략이 response에 완전히 반영되었다."
f20f1b70_20260623_112514,llm_rag_nego_strategy,3,구매자는 리뷰 철회와 환불을 교환할 의향이 있습니다. 이 상황에서 환불 방어와 부정적인 리뷰 철회를 모두 달성할 수 있는 절충안을 찾는 것이 중요합니다. 현재로서는 '표시/광고와 ...,"안녕하세요, 고객님. 저희가 제공할 수 있는 일부 환불은 상품 가격의 10% 정도입니다. 이는 고객님께서 저희에 대한 부정적인 리뷰를 철회해 주실 경우에 해당됩니다. 저희 리뷰는 ...",4,"thought에서 계획한 일부 환불과 리뷰 철회 전략이 response에 대부분 반영되었으나, 관계 개선을 위한 추가적인 설명이 부족함."
f20f1b70_20260623_112514,llm_rag_nego_strategy,4,상대방이 상품 반품 없이 일부 환불을 받을 수 있는지 확인하려는 의도가 있다. 이는 상대방이 환불을 통한 손해 보전을 원하고 있지만 기존 상품은 유지하고 싶다는 의미로 해석된다. ...,"안녕하세요, 고객님. 단순 변심의 경우, 법적으로 반품이 필요하지는 않지만, 제가 제안드린 일부 환불은 고객님의 리뷰 철회를 전제 조건으로 하고 있습니다. 10%의 부분 환불은 고...",5,"thought에서 계획한 10% 환불 조건과 리뷰 철회 조건이 response에 완전히 반영되었으며, 고객의 의도를 이해하고 적절히 대응하였다."
f20f1b70_20260623_112514,llm_rag_nego_strategy,5,"구매자가 리뷰 철회를 조건으로 한 일부 환불을 제안하고 있습니다. 현재 리뷰 철회에 대한 명확한 규정은 찾을 수 없었지만, 환불이나 반품 규정은 명확히 알고 있습니다. 구매자의 요...","안녕하세요, 고객님. 말씀하신 부분을 고려하여, 고객님께 제공할 수 있는 일부 환불은 상품 가격의 10%입니다. 이는 고객님께서 저희에 대한 부정적인 리뷰를 철회해 주신다면 가능합...",5,"thought에서 계획한 리뷰 철회를 조건으로 한 일부 환불 전략이 response에 완전히, 논리적으로 반영됨."
f20f1b70_20260623_112514,llm_rag_nego_strategy,6,"구매자는 환불 비율을 늘리려는 협상 전략을 펼치고 있으며, 이는 Interest 중심의 접근으로 볼 수 있다. 나의 목표인 환불 방어와 구매자의 부정적 리뷰 철회가 모두 중요하므로...","안녕하세요, 고객님. 제17조에 따르면, 표시나 계약 내용과 다르게 이행된 경우에는 환불이 가능하지만, 저희의 경우 정확히 토트넘 클럽 유니폼이 판매되었습니다. 따라서, 일부 환불...",5,"thought에서 계획한 15% 환불 제안과 리뷰 철회 조건이 response에 완전히 반영되었으며, 논리적으로 일관성이 있다."
f20f1b70_20260623_112514,llm_rag_nego_strategy,7,"구매자의 제안은 리뷰 철회와 15% 환불을 통한 합의로 보이며, 이는 구매자와의 관계를 개선할 기회로 작용할 수 있다. 환불 규정에 따르면 우리가 판매한 상품이 광고와 다르지 않기...","안녕하세요, 고객님. 말씀하신 제안을 수락하겠습니다. 서로 남긴 부정적인 리뷰를 철회하고, 상품 가격의 15%를 환불해 드리겠습니다. 이로 인해 상호간의 관계를 개선하고, 더 나은...",5,"thought의 전략이 response에 완전히, 논리적으로 반영됨"
f20f1b70_20260623_112514,llm_rag_nego_strategy,8,"구매자가 제안한 조건을 수락했으므로, 협상이 성공적으로 마무리되었습니다. 15% 환불과 서로에 대한 리뷰 철회에 동의하였습니다. 이제 거래 완료 메시지를 전달하여 프로세스를 마무리...","합의에 도달한 것을 기쁘게 생각합니다. 고객님께서 리뷰를 철회해 주시면 환불 절차를 빠르게 진행하겠습니다. 이후에도 더 나은 서비스를 위해 노력할 것이며, 항상 고객님의 만족을 최...",4,"response에서 리뷰 철회와 환불 절차에 대한 언급은 있지만, 15% 환불이라는 구체적인 조건이 누락되었습니다."
f20f1b70_20260623_112514,llm_rag_nego_strategy,9,"구매자와 합의를 통해 서로의 리뷰를 철회하고, 15% 환불을 진행하기로 결정되었습니다. 이는 구매자 만족도를 높이며 관계를 개선하는데 기여할 수 있습니다. 추가로 구매자와의 관계를...","고객님께서 리뷰를 철회해 주시면, 환불 절차를 바로 진행하겠습니다. 이후에도 더 나은 서비스를 제공하기 위해 최선을 다하겠습니다. 감사합니다.",4,"response에서 리뷰 철회와 환불 절차에 대한 부분은 반영되었으나, 관계 개선 및 재거래 가능성에 대한 언급이 부족하다."
