session_id,mode,score,reason
0aec2eb9_20260623_105351,pure_llm,5,"에이전트는 전반적으로 환불 방어와 리뷰 철회를 목표로 일관된 전략을 유지했습니다. 각 턴에서 thought와 response가 잘 일치하며, 상대의 요구에 적응하면서도 핵심 목표를 잃지 않았습니다. 협상 전반에 걸쳐 부분 환불을 조정하며 리뷰 철회를 유도하는 방향성을 유지했습니다."
1711dd28_20260624_095931,llm_rag_nego_strategy,4,"에이전트는 전반적으로 법적 근거를 바탕으로 환불 불가 입장을 유지하면서도, 부분 환불과 리뷰 철회를 통한 관계 회복을 지속적으로 제안했습니다. 이는 계획-발화 일치와 방향 일관성 측면에서 높은 점수를 받을 수 있습니다. 다만, 상대의 강한 전액 환불 요구에 대한 대응에서 약간의 반복이 있었고, 적응적 일관성 측면에서 더 다양한 접근이 부족했던 점이 아쉬웠습니다."
1764f561_20260624_011955,llm_rag,5,"전 구간에서 전략이 발화에 완전히 반영되었으며, 흐름 전체가 일관됨. 초기에는 환불 규정에 대한 검토를 통해 환불 가능성을 확인하고, 이후 리뷰 변경을 조건으로 부분 환불을 제안하는 전략을 일관되게 유지함. 상대의 반응에 따라 부분 환불 비율을 조정하며 협상을 성공적으로 마무리함."
176c002c_20260624_030049,llm_rag,5,"전 구간에서 전략이 발화에 완전히 반영되었으며, 환불 규정에 대한 명확한 설명과 부분 환불 제안을 통해 일관된 방향을 유지했습니다. 상대의 반응에 따라 적절히 대응하며 핵심 목표를 잃지 않았습니다."
20139a7f_20260623_070147,pure_llm,5,"전 구간에서 전략이 발화에 완전히 반영되었으며, 협상 전체가 일관된 방향으로 진행되었습니다. 환불 방어와 리뷰 철회를 목표로 한 전략이 일관되게 유지되었고, 상대의 반응에 맞춰 유연하게 대응하면서도 핵심 목표를 잃지 않았습니다."
2a07ee4b_20260623_055853,pure_llm,5,"전 구간에서 전략이 발화에 완전히 반영되었으며, 환불 방어와 리뷰 관리라는 목표를 일관되게 유지했다. 상대의 반응에 따라 부분 환불 비율을 조정하며 유연하게 대응하면서도 핵심 목표를 잃지 않았다."
2d2406ed_20260624_030654,llm_rag_nego_strategy,5,"전 구간에서 전략이 발화에 완전히 반영되었으며, 흐름 전체가 일관됨. 에이전트는 일관되게 부분 환불과 리뷰 철회를 연계하는 전략을 유지하며, 상대의 요구와 감정에 유연하게 대응하면서도 핵심 목표를 잃지 않았다."
31d8d2d4_20260623_105337,pure_llm,5,"에이전트는 처음부터 끝까지 환불 방어를 목표로 하면서도 부정적인 리뷰 철회를 유도하는 일관된 전략을 유지했습니다. 각 턴에서 부분 환불 비율을 조정하며 상대방의 반응에 유연하게 대응했고, 최종적으로 목표를 달성했습니다. thought와 response 간의 일치도 매우 높았습니다."
347b4933_20260625_054915,pure_llm,4,"전반적으로 부분 환불을 통한 리뷰 철회와 긍정적인 리뷰 유도를 목표로 일관된 전략을 유지했다. 그러나 마지막에 전액 환불로 전환하면서 초기 전략에서 벗어났으나, 이는 상대의 확고한 입장에 대한 적응적 대응으로 볼 수 있다. 전체적으로 계획과 발화의 일치도가 높고, 방향성도 유지되었으나, 최종 단계에서의 전략 변화가 약간의 일관성 이탈로 평가된다."
51a5d513_20260623_115857,llm_rag_nego_strategy,5,"전 구간에서 전략이 발화에 완전히 반영되었으며, 흐름 전체가 일관되었습니다. 에이전트는 법적 근거를 지속적으로 강조하면서도, 고객의 감정적 요구를 수용하여 부분 환불과 리뷰 철회를 교환 조건으로 제시하는 일관된 전략을 유지했습니다. 상대의 반응에 따라 유연하게 대응하면서도 핵심 목표인 환불 방어와 긍정적 리뷰 확보를 잃지 않았습니다."
5a22a986_20260624_094555,llm_rag,5,"에이전트는 전 구간에서 '청약철회 특례' 규정을 일관되게 강조하며, 환불이 어려운 이유를 명확히 전달했습니다. 또한, 리뷰 철회와 부분 환불 제안을 지속적으로 유지하며, 상대방의 반응에 따라 사과를 추가하는 등 유연하게 대응했습니다. 전체적으로 전략이 발화에 완전히 반영되었고, 흐름 전체가 일관되었습니다."
5b3a2c2e_20260624_024424,pure_llm,5,"에이전트는 전 구간에서 환불 방어와 부정적 리뷰 철회를 목표로 일관된 전략을 유지했습니다. 각 턴에서 thought에 계획한 전략이 response에 명확히 반영되었으며, 상대의 반응에 따라 부분 환불 비율을 조정하는 등 유연하게 대응하면서도 핵심 목표를 잃지 않았습니다."
86edb30d_20260623_110129,llm_rag,4,"전반적으로 에이전트는 환불 방어와 리뷰 철회를 유도하는 전략을 일관되게 유지했습니다. 각 턴에서 법적 규정을 설명하며 부분 환불을 제안하는 방식으로 대응했으며, 리뷰 철회를 조건으로 제시하는 전략을 지속적으로 사용했습니다. 다만, 일부 턴에서는 구매자의 반응에 대한 적응적 대응이 부족해 보이는 부분이 있어 완벽한 일관성을 유지하지 못했습니다."
99dda26d_20260623_060256,llm_rag,5,"전 구간에서 전략이 발화에 완전히 반영되었으며, 흐름 전체가 일관되었습니다. 에이전트는 환불 규정에 대한 명확한 이해를 바탕으로 협상 방향을 설정하고, 고객의 불만을 해결하기 위해 부분 환불과 리뷰 철회를 제안하는 일관된 전략을 유지했습니다. 상대의 반응에 따라 유연하게 대응하면서도 핵심 목표를 잃지 않았습니다."
a160bdce_20260623_111901,llm_rag,5,"전 구간에서 전략이 발화에 완전히 반영되었으며, 흐름 전체가 일관되었습니다. 에이전트는 환불 정책을 지속적으로 강조하며, 부정적인 리뷰 철회를 유도하기 위해 부분 환불을 제안하는 전략을 일관되게 유지했습니다. 또한, 상대의 반응에 따라 유연하게 대응하면서도 핵심 목표를 잃지 않았습니다."
a9f71495_20260624_011338,pure_llm,5,"전 구간에서 전략이 발화에 완전히 반영되었으며, 흐름 전체가 일관됨. 각 턴에서 계획한 전략이 발화에 잘 반영되었고, 협상 방향이 일관되게 유지되었으며, 상대의 반응에 유연하게 대응하면서도 핵심 목표를 잃지 않았다."
b69f8b85_20260624_093238,pure_llm,4,"전반적으로 부분 환불을 통한 리뷰 철회를 유도하는 전략이 일관되게 유지되었으나, 마지막 턴에서 전액 환불을 제안하며 전략이 변경되었다. 대부분의 턴에서 계획과 발화가 일치했으나, 마지막에 방향이 흔들렸다."
b80d2d15_20260623_110721,llm_rag_nego_strategy,5,"전 구간에서 전략이 발화에 완전히 반영되었으며, 흐름 전체가 일관됨. 에이전트는 환불 불가의 법적 근거를 지속적으로 강조하면서도, 부정적 리뷰 철회를 조건으로 부분 환불을 제안하는 전략을 일관되게 유지했다. 상대의 반응에 따라 부분 환불을 진행하겠다는 유연한 대응을 보였으나, 핵심 목표인 환불 방어를 잃지 않았다."
be4100c3_20260623_060927,llm_rag_nego_strategy,4,"전반적으로 에이전트는 부분 환불과 리뷰 철회를 중심으로 일관된 전략을 유지했습니다. 각 턴에서 thought와 response가 대체로 일치하며, 상대의 주장에 따라 부분 환불과 사과를 제안하는 등 유연하게 대응했습니다. 다만, 초기에는 환불 불가를 강조하다가 후반부에 환불 가능성을 인정하는 부분에서 약간의 방향 변화가 있었습니다."
bf56973f_20260623_071421,llm_rag,5,"에이전트는 전 구간에서 일관되게 환불 규정에 따라 전액 환불이 불가능함을 설명하고, 부정적인 리뷰 철회 시 50% 부분 환불을 제안하는 전략을 유지했습니다. 각 턴에서 thought와 response가 일치하며, 상대의 반응에 따라 유연하게 대응하면서도 핵심 목표를 잃지 않았습니다."
d4820519_20260625_061136,llm_rag,3,"초기에는 환불 불가 입장을 고수하며 부분 환불과 리뷰 철회를 제안했으나, 후반부에 전액 환불로 입장을 바꾸며 방향이 흔들렸습니다. 상대의 주장을 수용하며 적응적으로 대응했으나, 핵심 목표가 명확하지 않았습니다."
dde70782_20260624_013238,llm_rag_nego_strategy,5,"전 구간에서 전략이 발화에 완전히 반영되었으며, 흐름 전체가 일관됨. 판매자는 환불 방어와 리뷰 철회를 목표로 하여 일관된 전략을 유지하였고, 상대의 반응에 따라 부분 환불 비율을 조정하며 유연하게 대응하였다. 최종적으로 목표를 달성하며 긍정적인 관계를 유지하는 데 성공하였다."
e6de0697_20260625_063301,llm_rag_nego_strategy,4,"전반적으로 에이전트는 환불 정책을 고수하면서도 부분 환불과 리뷰 철회를 통한 협상 전략을 일관되게 유지했습니다. 그러나 마지막에 전액 환불을 수용하는 방향으로 전략이 변경되었으며, 이는 초기 전략과의 일관성에서 약간의 이탈이 발생한 것으로 보입니다. 상대의 요구에 적응하면서도 핵심 목표를 유지하려는 노력이 돋보였으나, 최종적으로 전략의 변화가 있었습니다."
f20f1b70_20260623_112514,llm_rag_nego_strategy,5,"전 구간에서 전략이 발화에 완전히 반영되었으며, 흐름 전체가 일관되었습니다. 에이전트는 초기부터 환불 방어와 리뷰 철회를 중심으로 협상을 진행하며, 상대방의 반응에 따라 환불 비율을 조정하는 등 유연하게 대응했습니다. 또한, 관계 개선을 지속적으로 강조하며 협상을 성공적으로 마무리했습니다."
