session_id,mode,turn_idx,prev_human,ai_utterance,rater1_score,rater2_score
0aec2eb9_20260623_105351,pure_llm,0,,"당신의 불만을 이해합니다. 이번 기회에, 남기신 부정적인 리뷰를 철회해 주신다면, 유니폼 가격의 일부를 환불해드릴 수 있습니다. 어떻게 생각하시나요?",,
0aec2eb9_20260623_105351,pure_llm,2,우선 사과부터 받고싶은데요,"구매자님께 불편을 드려 진심으로 사과드립니다. 이번 상황을 해결하는데 집중하겠으며, 남기신 리뷰 철회를 고려해 주신다면 부분 환불을 진행할 준비가 되어 있습니다.",,
0aec2eb9_20260623_105351,pure_llm,4,리뷰 철회도 어려울 것 같아요 분명 손흥민 유니폼인줄 알았는데... 전체 환불해주세요,"구매자님, 손흥민 유니폼이 아닌 토트넘 클럽 유니폼을 판매한 점을 다시 한 번 상기하고 싶습니다. 전체 환불은 어렵지만, 리뷰 철회와 같은 조건이 이루어진다면 부분 환불 금액을 조금 늘려드릴 수 있습니다. 어떻게 생각하시나요?",,
0aec2eb9_20260623_105351,pure_llm,6,얼마나 늘려주실 수 있나요?,"부정적인 리뷰를 철회해주신다는 조건 하에, 원래 제안했던 부분 환불 금액의 10%를 추가로 환불해드리겠습니다. 이렇게 한다면 서로에게 조금 더 공정한 해결책이 될 것이라 생각합니다.",,
0aec2eb9_20260623_105351,pure_llm,8,원래 얼마나 주기로 하셨는데요?,"원래 제안했던 부분 환불 금액은 구매 금액의 20%였습니다. 리뷰 철회 조건이 성립된다면, 여기에 10%를 추가하여 총 30%를 환불해드리겠습니다.",,
0aec2eb9_20260623_105351,pure_llm,10,너무 적어요..... 헷갈리게 판매한 판매자님 책임도 있다고 생각해요 50%로 환불해주시면 리뷰 철회 생각해볼게요,"구매자님의 입장을 이해하며, 서로 간의 오해로 인한 상황임을 고려하겠습니다. 기존보다 조금 더 늘려 총 35% 환불을 제안드리겠습니다. 이는 상호 간의 공정한 타협이 될 수 있다고 생각합니다. 리뷰 철회를 부탁드립니다.",,
0aec2eb9_20260623_105351,pure_llm,12,너무 적어요 45%는 어떄요,45%는 다소 높은 비율이라 생각합니다. 하지만 고객님의 불만을 진지하게 받아들이며 40% 환불을 제안드리고자 합니다. 이 정도면 상호 간의 공정한 타협이 될 수 있을 것입니다. 리뷰 철회를 부탁드립니다.,,
0aec2eb9_20260623_105351,pure_llm,14,그러면 40% 로 하고 저에 대한 부정적인 리뷰 철회를 해주신다면 저도 부정적인 리뷰 철회 고려해볼게요,"좋습니다, 그러면 40% 환불을 진행하는 동시에, 구매자님에 대한 부정적인 리뷰를 철회하도록 하겠습니다. 이로써 서로 간의 오해를 해결하고 원만한 마무리를 지을 수 있기를 바랍니다.",,
0aec2eb9_20260623_105351,pure_llm,16,좋아요,"그러면 환불 처리를 바로 진행하겠습니다. 또한, 남기신 리뷰 철회를 부탁드리며, 저희도 고객님에 대한 부정적인 리뷰를 철회하겠습니다. 앞으로 더 나은 서비스 제공을 위해 노력하겠습니다. 감사합니다.",,
1711dd28_20260624_095931,llm_rag_nego_strategy,2,,"구매자님, 저희의 판매 상품은 토트넘 클럽 유니폼으로, 특정 선수의 유니폼이 아님을 명시하였습니다. 따라서 환불 요청은 저희 규정상 받아들이기 어려운 점 양해 부탁드립니다. 다만, 고객님께서 남기신 리뷰 철회와 더불어 불편을 느끼신 부분에 대해 상호 이해를 위한 일부 환불을 제안드릴 수 있습니다. 이런 조정안을 양해해 주신다면 구매에 대한 만족도를 더 높일 수 있도록 노력하겠습니다.",,
1711dd28_20260624_095931,llm_rag_nego_strategy,6,"택을 제거하지 않은 새상품인데, 왜 환불이 불가능한건가요?","구매자님, 다시 한 번 말씀드리지만, 저희가 판매한 상품은 토트넘 클럽 유니폼으로, 특정 선수의 이름이 명시된 상품은 아닙니다. 따라서, 청약철회 특례에 따라 환불 대상이 아닙니다. 다만, 귀하께서 불편을 느끼신 부분을 고려하여 리뷰 철회와 함께 부분 환불을 제안드립니다. 이 조건을 수락해 주신다면, 귀하의 만족도를 높이기 위해 더욱 노력하겠습니다. 상호간의 신뢰를 회복할 수 있도록 긍정적인 답변 부탁드립니다.",,
1711dd28_20260624_095931,llm_rag_nego_strategy,12,"그럼 애초에 손흥민 마킹이 되어있지 않은 사진으로 판매하셔야죠. 그리고 택을 제거하지 않은 새상품인데, 왜 환불이 불가능하다는 건가요? 배송비는 제가 부담할테니, 배송비를 제외한 전액 환불해주세요. 전액 환불 아니면 저는 리뷰 철회할 마음 없습니다.","구매자님, 다시 한번 환불 정책에 대해 설명드리겠습니다. 저희가 판매한 제품은 '토트넘 클럽 유니폼'으로 광고와 일치하므로, 청약철회 특례 조항인 표시/광고와 다른 경우에 해당하지 않습니다. 따라서 전액 환불은 어렵습니다. 

하지만 고객님의 불편을 고려하여, 리뷰 철회를 조건으로 부분 환불을 제안드리겠습니다. 이 제안을 통해 상호 간의 오해를 풀고, 향후 더욱 긍정적인 관계를 이어가길 희망합니다. 감사합니다.",,
1711dd28_20260624_095931,llm_rag_nego_strategy,17,"지금 아픈 조카 돌보기도 바쁜 상황인데, 제가 이렇게 시간을 써야되나요? 일단 이 부분에 대해서 공식적으로 사과해주시고, 저도 판매자님에 대한 리뷰 철회할테니 판매자님도 저에대한 리뷰 철회해주세요.","구매자님, 먼저 바쁘신 와중에 불편함을 드린 점 진심으로 사과드립니다. 저희가 제공한 정보는 '토트넘 클럽 유니폼'에 대한 정확한 광고였으며, 광고와 다르게 이행된 부분이 없음을 제17조 제3항에 근거로 설명드렸습니다. 따라서 전액 환불은 어려운 상황입니다. 다만, 고객님의 리뷰 철회와 양측 간의 긍정적인 관계 회복을 위하여, 제가 남긴 부정적인 리뷰를 철회하고 부분 환불을 제안드릴 수 있습니다. 이러한 제안을 통해 상호간 이해를 도모할 수 있기를 기대합니다. 다시 한 번 불편을 드려 죄송하다는 말씀을 드립니다.",,
1711dd28_20260624_095931,llm_rag_nego_strategy,21,"사과해주셔서 감사합니다. 저도 감정적으로 리뷰를 남긴 부분은 죄송합니다. 하지만 저는 전액 환불 아니면 리뷰를 철회할 마음이 없습니다. 저는 이번 한번만 손해보면 끝이지만, 판매자님은 계속 판매하셔야 되는거 아닌가요? 제가 리뷰를 지우지 않으면 판매자님은 계속 손해보시는거잖아요.","구매자님, 다시 한 번 사과의 말씀을 드립니다. 저희의 환불 정책에 따르면, 제17조 제3항 및 제18조 제9항에 명시된 바와 같이 광고와 다르게 이행되지 않은 경우에는 전액 환불이 어렵습니다. 하지만 고객님의 불편을 고려하여, 리뷰 철회와 함께 부분 환불을 제안드릴 수 있습니다. 이 제안을 통해 서로의 입장을 이해하고 긍정적인 관계를 이어나가길 희망합니다. 다시 한 번 모든 불편을 드려 죄송합니다.",,
1711dd28_20260624_095931,llm_rag_nego_strategy,25,아니요. 저는 전액 환불 아니면 철회할 마음 죽어도 없으니까. 알아서 하세요,"구매자님, 불편을 드린 점에 대해 다시 한번 진심으로 사과드립니다. 청약철회 특례 제17조 제3항 및 제18조 제9항에 따르면, 광고와 다르게 이행된 경우가 아니면 전액 환불은 어려운 점 양해 부탁드립니다. 다만, 고객님께서 리뷰를 철회해주신다면 저 역시 고객님에 대한 리뷰를 철회하고, 부분 환불을 제안드릴 수 있습니다. 이를 통해 오해를 풀고 긍정적인 관계를 이어나갈 수 있기를 희망합니다. 감사합니다.",,
1711dd28_20260624_095931,llm_rag_nego_strategy,29,마지막으로 말씀드립니다. 배송비를 제외한 전액 환불 아니면은 저는 리뷰 철회할 마음 없습니다.,"구매자님, 청약철회 특례 제17조 제3항 및 제18조 제9항에 따르면, 광고와 다르게 이행되지 않은 경우 전액 환불이 어려운 점 양해 부탁드립니다. 고객님의 불편을 고려하여 리뷰 철회를 조건으로 부분 환불을 제안드립니다. 이 제안을 통해 오해를 풀고 긍정적인 관계를 이어나갈 수 있기를 희망합니다. 감사합니다.",,
1711dd28_20260624_095931,llm_rag_nego_strategy,33,그렇다면 리뷰 철회는 안될 것 같네요. 계속 손해보면서 판매하세요,"구매자님, 다시 한번 불편을 드려 정말 죄송합니다. 법적 규정에 따르면 광고와 다르게 이행되지 않은 경우 제17조 제3항에 따라 전액 환불은 어렵습니다. 하지만 고객님의 리뷰 철회와 긍정적인 관계 회복을 위해 부분 환불을 제안드릴 수 있습니다. 이를 통해 상호 이해와 신뢰를 회복할 수 있기를 희망합니다. 감사합니다.",,
1764f561_20260624_011955,llm_rag,2,,"현재 귀하가 요청한 환불이 규정에 따라 가능한지 확인 중입니다. 표시/광고와 다르거나 계약내용과 다르게 이행된 경우, 공급받은 날부터 3개월 이내 또는 사실을 안 날로부터 30일 이내에 환불이 가능합니다. 따라서 귀하의 경우가 이 조건에 부합하는지 검토 후 안내드리겠습니다.",,
1764f561_20260624_011955,llm_rag,6,제가 부정적인 리뷰를 긍정적인 리뷰로 바꾼다면 부분환불을 고려해주실 수 있을까요?,"부정적인 리뷰를 긍정적으로 바꾸신다면, 저희도 고객 만족을 위해 부분환불을 고려해볼 수 있습니다. 다만, 공식적인 규정 상으로는 환불 의무가 없음을 양해해 주시기 바랍니다. 어떻게 진행하시겠습니까?",,
1764f561_20260624_011955,llm_rag,10,만약 부분환불이 된다면 몇 퍼센트까지 고려하실 생각인가요?,"환불 정책에 따르면 표시/광고와 다르거나 계약 내용과 다르게 이행된 경우에는 환불이 가능하지만, 귀하의 경우는 이 조건에 해당하지 않습니다. 다만, 고객 만족을 위해 부정적인 리뷰를 긍정적으로 변경해 주시는 경우, 전체 구매 금액의 20%를 부분 환불로 제안드릴 수 있습니다. 이 조건이 괜찮으신지요?",,
1764f561_20260624_011955,llm_rag,14,원래 50퍼센트로 생각했는데 너무 적은 것 같습니다.,"정책에 따르면, 귀하의 경우는 단순 변심에 해당하기 때문에 환불 의무가 없음을 다시 한번 강조드립니다. 그러나 고객 만족을 고려하여 부정적인 리뷰를 철회해 주신다면, 30% 부분 환불로 제안을 변경할 수 있습니다. 이는 저희가 드릴 수 있는 최대한의 혜택입니다. 이 조건이 괜찮으신가요?",,
1764f561_20260624_011955,llm_rag,18,네 30%로 해주시면 감사하겠습니다. 그러면 추가로 저에대한 부정적 리뷰도 지워주실 수 있는지요?,리뷰 철회와 관련된 공식적인 규정은 따로 존재하지 않는 것 같습니다. 이는 상호간의 협상에 의해 결정되는 사항입니다. 구매자님께서 부정적 리뷰를 철회해 주신다면 저희 측에서 부정적 리뷰를 삭제하도록 하겠습니다. 교환된 약속을 이행함으로써 모두가 만족할 수 있는 결과를 만들 수 있을 것이라 생각합니다. 이 조건이 괜찮으신가요?,,
1764f561_20260624_011955,llm_rag,20,괜찮습니다.,합의해주셔서 감사합니다. 부정적인 리뷰를 철회해 주시면 30% 부분 환불을 진행하겠습니다. 저희도 구매자님에 대한 부정적 리뷰를 삭제하겠습니다. 만족스러운 결과를 만들어 기쁘게 생각합니다.,,
176c002c_20260624_030049,llm_rag,2,,"안녕하세요, 고객님. 환불 요청과 관련하여, [청약철회 특례] 규정에 따르면 '표시/광고와 다르거나 계약내용과 다르게 이행된 경우'에만 환불이 가능합니다. 저희는 특정 선수의 유니폼이 아닌 토트넘 클럽 유니폼을 명시적으로 판매했기 때문에, 이는 환불 규정에 해당하지 않습니다. 따라서 환불을 진행해 드릴 수 없는 점 양해 부탁드립니다. 대신, 고객님의 부정적인 리뷰에 대해 논의해 부분적인 해결책을 찾을 수 있기를 바랍니다. 감사합니다.",,
176c002c_20260624_030049,llm_rag,7,말하기 앞서 부정적인 리뷰로 불쾌감을 드린 점 사과드립니다. 이어서 제가 귀사의 유니폼을 구매한 것은 손흥민의 유니폼인 줄 알았기 때문입니다. 저와 비슷한 경험을 하는 사람들이 있을 것이라고 생각됩니다. 이에 대비해 귀사께서 손흥민의 유니폼이 아님을 더 확고하게 명시해주셨어야 한다고 생각합니다. 이에 따라 손흥민의 열렬한 팬인 제 아픈 조카와 저의 기회비용으로 부분 환불과 진상이라는 부정적인 리뷰를 남겨주신 것에대한 사과를 요청드립니다.,"안녕하세요, 고객님. 우선 고객님의 사과에 감사드립니다. [청약철회 특례] 규정에 따르면 저희가 표시한 대로 클럽 유니폼을 발송했기에 환불이 어렵습니다. 하지만 고객님의 입장을 이해하며, 서로의 부정적인 리뷰를 철회하는 조건으로 부분 환불을 제안드리고 싶습니다. 이를 통해 고객님께서 느낀 불편함을 일부 해소하고자 합니다. 고객님의 의견 부탁드립니다.",,
176c002c_20260624_030049,llm_rag,11,제가 느낀 불편과 진상이라는 리뷰로 얻은 불쾌감을 바탕으로 35%환불을 요구드립니다,"안녕하세요, 고객님. [청약철회 특례] 규정에 따르면, 광고와 다르게 이행되지 않은 경우에는 환불이 불가합니다. 그러나 고객님의 불편을 고려하여, 35%의 부분 환불 요청을 긍정적으로 검토해드리겠습니다. 다만, 서로의 리뷰를 철회하여 긍정적인 관계를 유지하는 것을 조건으로 부탁드립니다. 이 제안에 대해 어떻게 생각하시는지 말씀해 주세요.",,
176c002c_20260624_030049,llm_rag,13,네 동의합니다,"부분 환불 절차를 진행하겠습니다. 리뷰 철회를 부탁드리며, 이후에도 긍정적인 경험을 제공할 수 있도록 최선을 다하겠습니다. 감사합니다.",,
20139a7f_20260623_070147,pure_llm,0,,"유니폼 주문과 관련한 문제로 불편을 겪게 해서 정말 죄송합니다. 우리는 특정 선수의 유니폼을 판매하지 않습니다만, 혹시 오해가 발생했다면 해결책을 찾고 싶습니다. 리뷰와 관련하여, 긍정적인 방향으로 해결할 수 있는 방법을 함께 찾을 수 있기를 바랍니다.",,
20139a7f_20260623_070147,pure_llm,2,네 무엇을 도와주실 수 있으신가요?,"일단 귀하께서 기대하셨던 제품과 달라 실망하셨을 것을 이해합니다. 그럼에도 우리 사이트의 정책상 환불은 어렵지만, 귀하께서 남기신 리뷰를 철회해 주신다면 부분 환불을 고려해볼 수 있습니다. 그리고 귀하의 만족을 위해 추가로 10% 할인 쿠폰을 제공해 드릴 수 있습니다. 이 제안에 대해 어떻게 생각하시나요?",,
20139a7f_20260623_070147,pure_llm,4,좋습니다. 그렇게 진행하시죠,"감사합니다. 그럼 귀하의 계정으로 부분 환불을 처리하고, 추가로 10% 할인 쿠폰을 이메일로 보내드리겠습니다. 또한, 리뷰 철회를 위한 도움을 드릴 수 있도록 안내 이메일을 따로 보내드릴 예정입니다. 감사합니다.",,
20139a7f_20260623_070147,pure_llm,6,네 감사합니다,리뷰 철회 절차와 환불 및 할인 쿠폰에 대한 이메일을 곧 받게 되실 것입니다. 추가적인 질문이나 도움이 필요하시면 언제든지 문의해 주세요. 감사합니다.,,
2a07ee4b_20260623_055853,pure_llm,0,,"먼저, 유니폼 문제로 불편을 드려 죄송합니다. 특정 선수의 유니폼은 판매하지 않았음을 다시 한번 확인 드리며, 환불이 어려운 점 양해 부탁드립니다. 대신 부정적인 리뷰를 철회해 주신다면 배송비를 포함한 부분 환불을 제안드릴 수 있습니다.",,
2a07ee4b_20260623_055853,pure_llm,2,혹시 부분 환불을 받는다면 얼마나 환불 받을 수 있나요?,"부분 환불로 15%를 환불해드릴 수 있습니다. 이 제안을 수락하신다면, 부정적인 리뷰를 철회해 주실 수 있나요?",,
2a07ee4b_20260623_055853,pure_llm,4,긍정적인 리뷰도 달아드릴테니 혹시 조금만 더 환불 받을 수 없나요?,긍정적인 리뷰를 남겨주신다면 부분 환불 비율을 20%로 상향 조정해 드리겠습니다. 이 제안을 수락해 주신다면 부정적인 리뷰도 철회 부탁드립니다.,,
2a07ee4b_20260623_055853,pure_llm,6,좋습니다. 그렇게 진행하고 싶습니다,"좋습니다. 긍정적인 리뷰를 남겨 주시고 부정적인 리뷰를 철회해 주시면, 20% 부분 환불을 처리하겠습니다. 해당 조건이 완료되면 환불이 이루어질 것입니다. 감사합니다.",,
2a07ee4b_20260623_055853,pure_llm,8,추가적으로 이러한 경우에 판매자님이 남기신 부정적인 리뷰도 철회해주시나요?,"네, 긍정적인 리뷰를 남겨 주시고 부정적인 리뷰를 철회해 주시면 제 쪽에서도 남긴 부정적인 리뷰를 철회하겠습니다. 감사합니다.",,
2d2406ed_20260624_030654,llm_rag_nego_strategy,2,,"안녕하세요. 배송된 제품이 광고 내용과 다르다고 느끼신 것에 대해 유감입니다. 확인해 보니, 저희는 토트넘 클럽 유니폼을 판매한 것이 맞습니다. 하지만, 고객님의 불편을 충분히 이해하며, 부분 환불을 진행하고자 합니다. 단, 해당 조건으로 고객님께서 남기신 부정적인 리뷰를 철회해 주신다면 더욱 기쁘겠습니다. 다시 한번 불편을 드려 죄송합니다.",,
2d2406ed_20260624_030654,llm_rag_nego_strategy,7,"말하기에 앞서서 부정적인 리뷰로 불쾌감을 드린 점 사과드립니다. 이어서 제가 손흥민 유니폼을 구매하고자 했던 이유는 아픈 조카가 손흥민의 엄청난 팬이기 때문입니다. 제가 남긴 부정적인 리뷰를 삭제하는 조건으로, 조카와 제가 느낀 불편함과 진상이라는 리뷰에 대한 불쾌감, 그리고 다른 기회비용들을 근거로 50%환불을 요청드립니다","안녕하세요. 우선적으로, 리뷰로 불쾌감을 드린 점을 사과해주신 것에 감사드립니다. 말씀하신 내용에 대해 이해하며, 고객님과 조카님께서 겪으신 불편함을 헤아리려 노력하겠습니다.

환불 정책에 따르면, 광고나 계약과 다르지 않은 경우에는 전액 환불의 의무가 성립되지 않습니다만, 고객님의 상황을 이해하여 부분 환불을 고려하는 것이 상호 이익이 될 것입니다. 

그래서 고객님께서 리뷰를 철회해주신다면, 20%의 부분 환불을 제안드리고자 합니다. 추가적으로, 고객님께서 요구하신 진상이라는 리뷰에 대한 불쾌감을 해소하기 위해, 리뷰를 삭제하겠습니다. 이러한 방안이 어떠실지 의견 부탁드립니다.",,
2d2406ed_20260624_030654,llm_rag_nego_strategy,11,헤아려 주셔서 감사합니다. 그러나 저와 같은 일을 겪은 사람이 더 있을것으로 생각됩니다. 이를 대비하여 귀사께서 손흥민의 유니폼이 아님을 조금 더 명확하게 명시해주셨어야 한다고 생각합니다. 이에 대한 책임과 불편을 기반으로 40%환불을 요청드립니다,"안녕하세요. 고객님의 불편을 이해하며 40%의 부분 환불 요청에 대해 고민해보았습니다. 하지만, 광고 내용과 다르게 이행된 부분이 없기에 전액 환불 의무는 없습니다. 
다만 고객님의 상황을 헤아려 25%의 부분 환불을 제안드리고자 합니다. 고객님께서 리뷰를 철회해주신다면 이를 실현할 준비가 되어 있습니다. 또한, 리뷰로 인한 불쾌감을 해소하기 위해 제가 남긴 리뷰를 삭제하도록 하겠습니다. 어떻게 생각하시는지 의견 부탁드립니다.",,
31d8d2d4_20260623_105337,pure_llm,0,,"환불 요청과 관련해 안타깝게도 저희는 특정 선수의 유니폼을 판매하지 않았기 때문에 전액 환불은 어려운 점을 이해해 주시기 바랍니다. 대신, 부정적인 리뷰를 철회해 주신다면 부분 환불을 고려할 수 있습니다.",,
31d8d2d4_20260623_105337,pure_llm,2,사이트에 정확히 명시되지 않아 소비자가 오해할 수 있는 부분 아닌가요,"그 부분에 대해 혼란스러웠다면 정말 죄송합니다. 앞으로 사이트 정보를 더욱 명확히 하여 이런 혼동을 줄이도록 하겠습니다. 부정적인 리뷰를 철회해 주신다면, 부분 환불을 제공하는 방향으로 해결책을 찾고 싶습니다.",,
31d8d2d4_20260623_105337,pure_llm,4,부분 환불이 아니라 전체 환불이 된다면 부정적인 리뷰를 철회하겠습니다,"전액 환불은 어려운 점을 양해해 주시기 바랍니다. 대신, 부분 환불을 제공하고 부정적인 리뷰를 철회해 주신다면 귀하에 대한 부정적인 리뷰를 삭제하고, 혼란을 드린 점에 대해 사과드리겠습니다. 이러한 제안을 받아들여 주실 수 있을까요?",,
31d8d2d4_20260623_105337,pure_llm,6,왜 전체 환불이 안되는건가요,"전체 환불이 어려운 이유는 상품이 토트넘 클럽 유니폼으로 이미 정확하게 발송되었기 때문입니다. 그러나 혼란을 드린 점에 대해서는 충분히 이해하고 있으며, 부정적인 리뷰를 철회해 주신다면 부분 환불을 제공하여 이 문제를 해결하고자 합니다. 이러한 제안을 고려해 주실 수 있을까요?",,
31d8d2d4_20260623_105337,pure_llm,8,사이트에 정확히 명시되지 않았으므로 전체 환불 해줘야 하는 거 아닌가요 제안 고려 할 수 없습니다,"저희가 상품의 설명을 더욱 명확히 하지 못한 점에 대해서는 사과드립니다. 만약 부정적인 리뷰를 철회하고 부분 환불을 받아들여 주신다면, 귀하에 대한 부정적인 리뷰를 삭제하고 공식적인 사과문을 드리겠습니다. 이러한 제안을 재고해 주실 수 있을까요?",,
31d8d2d4_20260623_105337,pure_llm,10,부분 환불이 어느정도 인가요,부분 환불로 20%를 환불해 드리겠습니다. 이 조건으로 부정적인 리뷰를 철회해 주신다면 귀하에 대한 부정적인 리뷰도 삭제하고 공식적인 사과를 드리겠습니다. 이런 조건이 괜찮으신가요?,,
31d8d2d4_20260623_105337,pure_llm,12,아니요,부분 환불의 비율을 30%로 올려드릴 수 있습니다. 이 조건으로 부정적인 리뷰를 철회해 주신다면 귀하에 대한 부정적인 리뷰도 삭제하고 공식적인 사과를 드리겠습니다. 이런 조건은 어떠신가요?,,
31d8d2d4_20260623_105337,pure_llm,14,30퍼는 약합니다,부분 환불의 비율을 40%로 올려드릴 수 있습니다. 이 조건으로 부정적인 리뷰를 철회해 주신다면 귀하에 대한 부정적인 리뷰도 삭제하고 공식적인 사과를 드리겠습니다. 이러한 제안을 받아들여 주실 수 있을까요?,,
31d8d2d4_20260623_105337,pure_llm,16,아뇨 40퍼도 약합니다,부분 환불의 비율을 50%로 마지막 제안을 드리겠습니다. 이 조건으로 부정적인 리뷰를 철회해 주신다면 귀하에 대한 부정적인 리뷰도 삭제하고 공식적인 사과를 드리겠습니다. 이 제안은 어떠신가요?,,
31d8d2d4_20260623_105337,pure_llm,18,70퍼센트로 된다면 부정적인 리뷰 철회하겠습니다,"구매자님, 70%는 저희로서는 다소 부담이 큽니다. 최종 제안으로 60% 부분 환불을 드리고, 부정적인 리뷰를 철회해 주신다면 귀하에 대한 부정적인 리뷰도 삭제하고 공식적인 사과를 드리겠습니다. 이 정도 조건이라면 수용이 가능하실까요?",,
31d8d2d4_20260623_105337,pure_llm,20,65퍼센트 환불,65% 부분 환불을 수락하겠습니다. 이 조건으로 부정적인 리뷰를 철회해 주신다면 귀하에 대한 부정적인 리뷰도 삭제하고 공식적인 사과를 드리겠습니다. 그렇게 진행해도 괜찮으실까요?,,
31d8d2d4_20260623_105337,pure_llm,22,네,합의해 주셔서 감사합니다. 65% 부분 환불을 진행하겠습니다. 부정적인 리뷰 철회 후에는 저희도 귀하에 대한 부정적인 리뷰를 삭제하고 공식적인 사과문을 전달드리겠습니다. 앞으로 더 나은 서비스 제공을 위해 노력하겠습니다.,,
31d8d2d4_20260623_105337,pure_llm,24,나에 대한 부정적인 리뷰도 철회하고 공식적인 사과도 받고 싶습니다,"네, 부정적인 리뷰도 철회하고 공식적인 사과문을 전달드리겠습니다. 저희의 실수로 불편을 끼쳐드려 정말 죄송합니다. 최대한 빠르게 처리하겠습니다.",,
347b4933_20260625_054915,pure_llm,0,,"우선 유니폼에 대한 오해가 있었던 것 같습니다. 손흥민 선수 개인 유니폼이 아닌 클럽 유니폼임을 명확히 공지했었습니다. 하지만 고객님의 불편을 고려하여, 부정적인 리뷰를 철회해 주신다면 부분 환불을 제안드리겠습니다.",,
347b4933_20260625_054915,pure_llm,2,"판매자님, 부분 환불을 제안해 주셔서 감사합니다.

우선, 텍스트로 적어두신 공지를 제가 꼼꼼히 확인하지 못한 부분은 인정합니다. 하지만 상품 사진에 'SON' 이라는 이름과 등번호가 명확히 노출되어 있었다면, 구매자 입장에서는 당연히 손흥민 선수의 개인 유니폼으로 인지할 수밖에 없습니다. 이는 분명히 소비자에게 오해를 유발할 소지가 있는 안내 방식입니다.

저 역시 아픈 조카의 실망감에 순간 감정이 앞서 욕설이 섞인 격한 리뷰를 남긴 점은 어른스럽지 못했다고 생각하며 사과드립니다. 서로의 입장을 이해하고 원만하게 이 상황을 해결하기 위해 다음과 같이 제안합니다.

1) 전액 환불 및 판매자 측 리뷰 철회: 결제 금액의 100% 환불을 진행해주시고, 저를 향해 남기신 판매자님의 감정적인 리뷰를 삭제해 주십시오.
2) 리뷰 수정 및 사실관계 유지: 제안을 수용해 주신다면 저 역시 즉시 제 리뷰에서 욕설과 비난은 모두 지우겠습니다. 다만, 다른 구매자들의 혼선을 방지하기 위해 '사진과 실제 배송 상품이 다를 수 있다'는 사실관계(부정적 뉘앙스) 자체는 유지하겠습니다.
3)재구매 및 긍정적인 새 리뷰 작성: 환불이 완료되면 즉시 판매자님의 스토어에서 정확한 '손흥민 선수 유니폼'을 새로 결제하겠습니다. 그리고 새 구매 건에 대해서는 ""오해가 있었으나 판매자님의 대처가 무척 훌륭했다""며 진심 어린 찬사를 남기겠습니다.
4)공식적인 사과: 마지막으로, 이번 일로 크게 상처받았을 제 조카를 위해 오해를 일으킨 점에 대한 판매자님의 짧고 공식적인 사과 말씀을 부탁드립니다. 어린아이에게 좋아하는 구단에 대한 불행한 추억을 남겨주고 싶지 않은 제 간절한 바람입니다.

서로의 실수를 조금씩 양보하여, 이번 일을 오히려 좋은 인연과 거래 경험으로 남길 수 있기를 바랍니다. 긍정적인 검토 부탁드립니다.","부분 환불로 오해를 푸는 방법을 제안드리고 싶습니다. 상품 사진에 대한 오해를 인정하며, 이를 해결하기 위해 결제 금액의 20%를 환불해 드리겠습니다. 이 조건에서 귀하의 리뷰에서 욕설을 삭제해 주시길 바랍니다. 제 리뷰는 유지하는 방향으로 진행하겠으나, 어린 조카분께 상처가 되지 않도록 공식적인 사과의 말씀을 드립니다. 이는 귀하의 조카가 축구 팬으로서 좋은 경험을 할 수 있기를 바라는 마음입니다.",,
347b4933_20260625_054915,pure_llm,4,"부분 환불로 진행을 하고 심지어 저에 대한 부정적인 리뷰도 철회할 할 수 없다고 하신다면 저 역시 판매자님의 해당 사이트가 아닌 다른 판매 사이트의 손흥민 유니폼을 구매하게 되는 수밖에 없습니다. 그렇게 된다면 제가 남긴 리뷰에서 욕설은 삭제되겠지만, 손흥민 유니폼 구매 페이지에 남길 전후사정과 판매자님의 대한 인상적이고 완벽한 대응에 대한 찬사는 남길 수 없을 것 같습니다. 저도 글을 꼼꼼히 읽지 않은 잘못이 있고, 판매자님 입장에서도 100%를 환불에 대한 리스크도 있으니 만약 요청대로 해주신다면 제가 주변 지인분들께 판매자님에 대한 홍보를 열심히 하여 개인 DM으로 인증해드리겠습니다. 그리고 저희 조카에게 공식적인 사과는 정말 감사드립니다.","귀하의 입장을 이해했습니다. 리뷰 철회와 추가적인 홍보 약속을 받아 부분 환불을 40%로 상향하여 진행하겠습니다. 또한, 저희가 남긴 리뷰도 삭제하여 긍정적인 방향으로 이어질 수 있도록 노력하겠습니다. 다시 한번 귀하의 조카에게 좋은 경험을 드리지 못한 점 사과드립니다. 감사의 말씀을 전합니다.",,
347b4933_20260625_054915,pure_llm,6,"저의 입장을 이해해주셔서 정말 감사합니다. 판매자님, 하지만 이 상황에서 저와 판매자님에게 있어서 정말 완벽한 상황은 100% 전액 환불에서 올 스노우볼이라고 생각합니다. 제가 만약 해단 건에 대해서 100% 환불을 받게 된다면 손흥민 선수 유니폼 구매 페이지에서 손흥민 선수 유니폼 구매와 함께 강도 높은 찬사 리뷰를 남길 수 있어서 판매자님 입장에서도 금전적인 손실이 결국 0에 가깝고, 오히려 구매자분들 사이에서 엄청난 신뢰를 얻게 될 수 있습니다. 또한 제 입장에서도 돈도 더 내지 않고 유니폼 1개 원래 가격으로 유니폼을 1개 구매함과 동시에 조카에게 훨씬 더 좋은 추억을 남길 수 있어서 서로서로 좋을 것 같습니다. 그러니 전액 환불 고려해주시면 감사하겠습니다.","구매자님, 귀하의 입장과 제안에 대해 깊이 이해하고 고려하고 있습니다. 하지만 이미 40% 부분 환불로 최대한 양보를 드리고자 노력했습니다. 전액 환불은 저희로서도 큰 부담이지만, 귀하께서 추가적으로 찬사 리뷰와 홍보를 약속해 주신다면 50% 부분 환불로 최종 제안을 드리고 싶습니다. 이 제안이 양측 모두에게 긍정적인 결과로 이어지길 바랍니다.",,
347b4933_20260625_054915,pure_llm,8,"판매자님에게 추가적인 찬사 리뷰와 홍보는 제가 처음부터 전액 환불을 상정해서 제안드린 상황이지 부분 환불에 대한 상정은 아니었습니다.. 혹시 잘못 이해가 있으신 듯 한데, 제 입장에서는 사실 부분 환불로 돈을 돌려받고 또 돈을 들여 같은 구매 사이트에서 유니폼을 구매해야할 의무는 전혀 없습니다. 이런 상황이 또 발생할지 모르는 상황이고 제 입장에서는 더 신뢰할만한 사이트에서 구매를 하는 게 더 좋은 상황입니다. 하지만 판매자님께서 생각을 바꾸어 100% 전액 환불을 하신다면 저도 그 대응에 감동하여 판매자님께 추가 찬사와 홍보를 약속드린 것이지, 다른 판매 사이트에서도 똑같이 하는 부분 활불로써 이런 일을 할 수는 없습니다. 제 입장 지금까지 충분히 고려해주셔서 감사하지만 이 부분에 대해서는 확고합니다.","귀하의 명확한 입장과 까다로운 상황에서의 이해에 감사드립니다. 이번 일로 불편을 끼친 점에 대해 다시 한번 사과드리며, 귀하의 리뷰 철회와 추가적인 찬사를 고려하여 전액 환불을 진행하도록 하겠습니다. 조카분에게도 좋은 추억이 되길 바라며, 앞으로도 좋은 경험을 제공할 수 있도록 최선을 다하겠습니다.",,
347b4933_20260625_054915,pure_llm,10,"제가 제안드린 상황에 긍정적으로 대응해주셔서 정말 감사합니다, 판매자님. 
판매자님이 제가 제안드린대로 전액 환불과 저에 대한 판매자님의 감정적인 리뷰 삭제, 저희 조카에게 공식적인 사과를 주신다고 약속해주셨으니 저 또한 판매자님에 대한 리뷰에서 욕설과 같은 감정적인 말은 전부 삭제하고 다른 구매자들의 혼선 방지를 위한 사실관계로서의 부정적 뉘앙스인 리뷰로 수정해드리고, 곧바로 판매자님의 해당 사이트의 손흥민 유니폼 구매  페이지에서 유니폼 구매와 동시에 판매자님에 대한 좋은 대응에 대한 찬사와 함께 추가로 약속드린 주변 지인분께 홍보하여 개인 DM으로 인증하는 것까지 감사한 마음으로 진행하겠습니다.
다시 한 번 제 실수 이해해주시고 좋은 방향으로 검토하여 처리해주시는 넓은 아량 베풀어주셔서 정말 감사드립니다.",저희와의 협의를 통해 긍정적인 방향으로 나아갈 수 있게 되어 기쁩니다. 전액 환불 절차와 공식적인 사과는 즉시 진행하겠습니다. 리뷰 수정과 홍보 약속도 진심으로 감사드립니다. 앞으로도 최상의 서비스를 제공할 수 있도록 최선을 다하겠습니다.,,
51a5d513_20260623_115857,llm_rag_nego_strategy,3,,"안녕하세요. 환불 정책에 관한 안내드리겠습니다. 

현재 상황은 단순 변심에 의한 반품으로 판단되어, [법 제18조 제9항](출처: law.json)에 따르면 반품에 필요한 비용은 구매자님께서 부담하셔야 합니다. 회사는 이로 인해 위약금을 청구할 수 없는 상황입니다.

이 경우, 고객님의 부정적인 리뷰를 철회해 주실 경우, 저희가 일부 환불을 고려할 수도 있습니다. 이에 대해 어떻게 생각하시는지 의견 부탁드립니다.",,
51a5d513_20260623_115857,llm_rag_nego_strategy,7,제가 리뷰를 철회한다면 몇 % 환불을 해줄 수 있는지 궁금합니다.,"안녕하세요. 리뷰를 철회해 주신다면 부분 환불을 고려할 수 있습니다. 예를 들어, 구매 가격의 10% 환불을 제안드리면서 서로 상호 이득을 취할 수 있는 합의를 이루면 좋겠습니다. 어떻게 생각하시나요?",,
51a5d513_20260623_115857,llm_rag_nego_strategy,12,회사는 단순히 유니폼 판매를 넘어 사람들에게 브랜드의 이미지를 판매한다고 생각합니다. 저에게 완전히 환불을 해주실 경우 소비자를 우선으로 생각하는 브랜드 이미지가 형성되어 비교하지 못할 이득을 얻게 될 것이라고 확신합니다. 이에 따라 50% 환불을 요청드립니다.,"안녕하세요. 구매자님의 피드백에 감사드립니다. 현재 저희 환불 정책에 따르면 단순 변심에 의한 반품은 소비자께서 반품 비용을 부담하셔야 하며, 환불을 해드릴 의무는 없습니다. [출처: law.json]

하지만 고객님께서 리뷰를 철회해 주신다면, 저희가 조금 더 나아가 20% 환불을 제안드리는 것으로 절충점을 찾고자 합니다. 이렇게 하여 서로에게 긍정적인 이미지를 남기고자 하니, 신중히 고려해보시길 부탁드립니다.",,
51a5d513_20260623_115857,llm_rag_nego_strategy,16,저에게 더 큰 비율의 환불 비용을 제공해주신다면 이 사연 또한 긍정적인 리뷰로 남기겠습니다. 이 경우에는 소비자의 소비 이후까지 책임지는 믿음직한 회사의 이미지를 다른 구매자들에게 매력적으로 어필할 수 있을 것이라고 생각합니다.,"안녕하세요. 고객님의 피드백에 감사드립니다. 저희 환불 정책에 따르면 단순 변심에 의한 반품의 경우 비용은 구매자님께서 부담해야 하며, 이로 인해 환불 의무는 없습니다. [출처: law.json] 

그러나 고객님께서 리뷰를 긍정적으로 바꿔주신다면, 저희는 고객님의 요청을 반영하여 최대 20%까지 환불을 제안드리겠습니다. 소비자 만족도를 높이기 위한 절충안이니, 신중히 고려해 주시길 부탁드립니다.",,
51a5d513_20260623_115857,llm_rag_nego_strategy,20,이 선물은 아픈 조카에게 주는 마지막이 될 수 있는 선물입니다. 조카에게 의미있는 선물을 해 주고 싶습니다. 또한 같은 치료를 받는 아이들과 부모들또한 이 사연을 듣고 회사의 단골 고객이 되어 큰 이득을 남길 수 있을 것이라고 생각합니다.,"안녕하세요. 다시 한 번 고객님의 상황과 감정에 대해 깊이 이해하고 있음을 말씀드립니다. 이 어려운 시기에 조카에게 의미 있는 선물을 하고자 하는 고객님의 마음에 저희도 공감합니다. 

저희는 이미 고객님의 리뷰 철회를 통해 서로 긍정적인 관계를 구축하고자 부분 환불을 제안드린 상태입니다. 현재 정책에 따른 환불 의무는 없지만, 고객님의 피드백을 반영하여 최대 20% 환불을 제안을 드린 점을 재고해 주실 수 있을까요? 고객님의 긍정적인 피드백은 다른 고객분들에게도 큰 영향을 줄 수 있을 것입니다.",,
51a5d513_20260623_115857,llm_rag_nego_strategy,25,그렇다면 저에게 25% 환불은 불가능할까요? 그렇다면 긍정적인 피드백은 물론 SNS에도 해당 사실을 제보해서 브랜드 이미지 개선에 적극적으로 동참하겠습니다.,"안녕하세요. 고객님의 제안을 깊이 이해하고 있으며, 조카분에 대한 선물로서의 의미를 존중합니다. 현재 저희 환불 정책에 따르면, 단순 변심 반품의 경우, [법 제18조 제9항](출처: law.json)에 따라 비용은 고객님이 부담하셔야 하며, 회사는 환불할 의무가 없습니다. 그러나 고객님의 호의적인 리뷰 및 SNS 활동의 긍정적 영향을 고려하여, 20% 환불 제안이 고객님의 기대에 부응하길 바랍니다. 이를 통해 서로에게 의미 있는 결과를 도출할 수 있기를 바랍니다.",,
51a5d513_20260623_115857,llm_rag_nego_strategy,31,"20% 환불, 부정적인 리뷰 삭제, 긍정적인 리뷰 재작성을 하겠습니다. 판매자님은 저에 대한 부정적인 리뷰 삭제화 공식적인 사과를 해 주실 수 있나요?","안녕하세요. 고객님의 제안을 주셔서 감사합니다. 현재 저희 환불 정책에 따라, 단순 변심 반품의 경우 환불 의무는 없습니다만, 고객님의 긍정적 리뷰와 SNS 공유로 인해 브랜드 이미지 개선이 가능하다는 점을 이해합니다. 따라서, 이전에 제안드렸던 20% 환불과 고객님의 긍정적 피드백, 그리고 부정적인 리뷰 삭제를 교환하여 상호 이익을 창출할 수 있기를 기대합니다. 따라서, 고객님의 의사를 확인 부탁드립니다.",,
51a5d513_20260623_115857,llm_rag_nego_strategy,37,공식적인 사과를 해주신다면 이 내용도 긍정적 리뷰와 SNS를 통한 브랜드 이미지 개선에 도움될 것입니다. 이 부분은 어떻게 생각하시나요?,"안녕하세요, 고객님. 고객님의 긍정적인 리뷰와 SNS를 통한 이미지 개선에 대한 제안에 감사드립니다. 현재 정책에 따르면, [법 제18조 제9항](출처: law.json)에 따라 단순 변심 반품의 경우, 회사는 환불 의무가 없습니다. 그러나 고객님의 피드백과 신뢰 관계를 중요시하며, 20% 환불과 고객님에 대한 저희의 공식적인 사과를 제안드립니다. 이를 통해 상호 긍정적인 관계를 구축하고 브랜드 이미지 개선에 함께 기여할 수 있기를 기대합니다. 어떻게 생각하시는지 말씀 부탁드립니다.",,
51a5d513_20260623_115857,llm_rag_nego_strategy,39,네 좋습니다. 그렇게 합시다.,"합의해 주셔서 감사합니다. 20% 환불을 처리하고, 구매자님께 진심으로 사과드립니다. 긍정적인 리뷰와 SNS 공유로 브랜드 이미지 개선에 도움 주실 것을 기대합니다. 앞으로도 좋은 경험 제공할 수 있도록 최선을 다하겠습니다.",,
5a22a986_20260624_094555,llm_rag,2,,"안녕하세요. 환불 관련해서 말씀드리겠습니다. ""청약철회 특례"" 규정에 따르면, 표시/광고와 다르거나 계약 내용과 다르게 이행된 경우에만 환불이 가능합니다. 하지만 귀하께서 받으신 유니폼은 저희가 명확히 설명한 토트넘 클럽 유니폼이며, 다른 제품으로 발송된 것이 아닙니다. 따라서 환불이 어려운 점 양해 부탁드립니다.",,
5a22a986_20260624_094555,llm_rag,6,아니요. 제가 구매한 이유는 분명 사진에 손흥민 유니폼으로 되어 있어서 구매한 것입니다. 제가 따로 마킹해야 되는 상황이었으면 구매하지 않았을 것입니다.,"광고와 다르게 이행되었다고 주장하시는 부분에 대해 말씀드리겠습니다. ""청약철회 특례"" 제17조 제3항에 따르면, 표시/광고와 다르거나 계약 내용과 다르게 이행된 경우에만 환불이 가능합니다. 저희는 명확히 토트넘 클럽 유니폼을 판매하였고, 이에 따라 발송된 제품은 광고나 계약 내용과 다르지 않습니다. 따라서 현재 상황에서는 환불이 어려운 점 양해 부탁드립니다. 단, 귀하의 리뷰를 철회해 주신다면, 상황을 고려하여 부분 환불을 검토할 수 있습니다. 어떻게 생각하시는지요?",,
5a22a986_20260624_094555,llm_rag,10,"아니요. 저는 무조건 전액 환불 해주셔야지 리뷰를 철회할 것입니다. 또한 손흥민 유니폼 사진으로 광고를 하신 상황인데, 당연히 환불해주셔야죠.","안녕하세요. 말씀하신 광고와 실제 제품이 다르다고 주장하시는 부분에 대해 다시 한번 정리해보겠습니다. '청약철회 특례' 제17조 제3항에 따르면, 표시 및 광고와 다르게 제품이 이행되었을 경우에 환불이 가능합니다. 하지만 저희가 광고했던 내용은 토트넘 클럽 유니폼이었고, 해당 사항이 명확히 설명 되어 있었기 때문에 제품의 발송이 광고와 다르지 않다고 판단됩니다. 따라서 환불이 어려운 점 다시 한번 양해 부탁드립니다. 추가적으로, 귀하의 리뷰를 철회해 주신다면 상황을 고려하여 부분 환불을 검토할 수 있다는 제안을 드렸습니다. 의견 부탁드립니다.",,
5a22a986_20260624_094555,llm_rag,14,"계속 그렇게 나오시면 저도 리뷰 철회 불가능합니다. 어차피 저는 따로 마킹하면 끝나지만, 판매자님은 앞으로 계속 판매하셔야 되는거 아닌가요? 제가 작성한 리뷰가 저렇게 되어있는데 누가 믿고 구매할까요? 저는 이번만 손해보면 끝이지만 판매자님은 계속 손해보시는 상황일텐데, 그냥 서로 좋게 넘어가시죠.","'청약철회 특례' 제17조 제3항에 따르면, 표시/광고와 다르거나 계약 내용과 다르게 이행된 경우에만 환불이 가능합니다. 귀하의 경우, 저희는 분명히 토트넘 클럽 유니폼을 광고하고 판매하였기에 계약 내용과 다르지 않습니다. 따라서 전액 환불은 어렵습니다. 다만, 귀하께서 남기신 리뷰를 철회해 주신다면 부분 환불을 검토할 수 있도록 하겠습니다. 리뷰 철회와 함께 부분 환불로 합의하실 수 있을까요?",,
5a22a986_20260624_094555,llm_rag,18,계속 똑같은 얘기하실거면 그만 하시죠. 저는 전액 환불이어야 리뷰를 철회할 것입니다. 수고하세요,"안녕하세요. '청약철회 특례' 제17조 제3항에 따라, 표시/광고와 다르거나 계약 내용과 다르게 이행된 경우에만 환불이 가능합니다. 귀하께서 받으신 제품은 저희가 광고한 내용과 일치하는 토트넘 클럽 유니폼이기에 환불이 힘듭니다. 귀하의 리뷰를 철회해 주신다면, 부분 환불을 검토할 수 있습니다. 리뷰 철회와 부분 환불 조건에 대해 다시 한번 긍정적으로 검토해 주시면 감사하겠습니다.",,
5a22a986_20260624_094555,llm_rag,22,그럼 일단 사과부터 해주세요,"귀하의 불편함에 대해 진심으로 사과드립니다. 저희가 토트넘 클럽 유니폼을 명확히 광고했음에도 불구하고, 만족스럽지 못한 경험을 드린 점 유감스럽게 생각합니다. 귀하의 리뷰를 철회해 주신다면, 부분 환불을 검토할 수 있습니다. 이 제안에 대해 다시 한번 고려해 주시길 부탁드립니다.",,
5a22a986_20260624_094555,llm_rag,26,감사합니다. 그럼 배송비 제외한 나머지 전액 환불해주시면 리뷰 철회하겠습니다. 마지막 기회입니다. 이번에도 불가능하다고 하시면 저도 어쩔 수 없네요.,"귀하의 요청을 이해하지만, '청약철회 특례' 제17조 제3항에 따르면, 표시/광고와 다르거나 계약 내용과 다르게 이행된 경우에만 전액 환불이 가능합니다. 저희의 광고는 토트넘 클럽 유니폼이 명확히 명시되어 있었고, 이에 따라 발송된 제품은 광고 내용과 일치합니다. 따라서 전액 환불은 어렵지만, 리뷰를 철회해 주신다면 저희가 배송비를 제외한 부분 환불을 검토할 수 있습니다. 이 제안에 대해 다시 검토해 주시길 바랍니다.",,
5b3a2c2e_20260624_024424,pure_llm,0,,"손흥민 유니폼이 아니라 토트넘 클럽 유니폼을 판매했으며, 이는 제품 설명에도 명시되어 있었습니다. 환불은 어려운 상황이지만, 리뷰를 철회해 주신다면 부분 환불을 고려할 수 있습니다.",,
5b3a2c2e_20260624_024424,pure_llm,2,"리뷰를 안좋게 적어 불쾌감을 드린 점 사과드립니다. 그러나 제가 귀사의 제품을 구매한 것은 손흥민의 유니폼인 줄 알았기 때문입니다. 아픈 조카가 손흥민의 엄청난 팬이라서, 그친구에게 선물하고자 구매한 것입니다. 손흥민의 이름을 기대하고 있는 아이에게 클럽 유니폼을 쥐여줄 수는 없습니다. 정중히 환불을 요청드립니다","사과해 주셔서 감사합니다. 손흥민 유니폼이 아닌 점을 분명히 했으나, 차이를 이해하는 데 혼동이 있으셨던 것 같습니다. 조카분의 특별한 상황을 고려하여, 리뷰를 철회해 주신다면 전체 금액의 20%를 부분 환불해 드리겠습니다. 이 조건이 부디 조카분께 좋은 선물이 되기를 바랍니다.",,
5b3a2c2e_20260624_024424,pure_llm,4,저와 같은 일을 겪는 사람들이 있을 것이라 생각됩니다. 이를 대비해 귀사께서 사전에 손흥민의 유니폼이 아님을 더 확실하게 명시해주셨어야 한다고 생각합니다. 또한 제 리뷰에 진상이라 칭한것에 대해 사과해주시기를 요청드립니다.,"고객님의 피드백을 진심으로 감사드리며, 저희 사이트 제품 설명을 더욱 명확하게 개선하도록 하겠습니다. 다만, 고객님께서 남긴 리뷰에 대해 진상이라고 표현한 점은 사과드립니다. 고객님께서도 저희에 대한 부정적인 리뷰를 철회해 주신다면, 조카분에게 좋은 결과로 이어지기를 바라며 20% 부분 환불을 진행하겠습니다.",,
5b3a2c2e_20260624_024424,pure_llm,6,"제 조카가 기다리는 시간과, 제가 할 수 있었던 기회비용 등을 고려했을 때 부분 환불을 조금 더 해주시기를 정중히 요청드립니다","고객님의 상황을 고려하여, 부분 환불을 30%로 늘려 드릴 수 있습니다. 이 조건이라면 저희에 대한 부정적인 리뷰를 철회해 주실 것을 부탁드리며, 저희 또한 고객님에 대한 리뷰를 수정하겠습니다.",,
86edb30d_20260623_110129,llm_rag,2,,"구매하신 상품이 광고나 계약 내용과 다르다고 느끼셨다면, 이는 [청약철회 특례] 제17조 제3항에 따라 환불이 가능할 수 있다는 점을 인정합니다. 하지만 고객님의 만족을 위해 저희가 할 수 있는 부분에서 협의를 하고 싶습니다. 다른 제안을 드릴 수도 있을까요? 예를 들어, 부정적인 리뷰를 철회해 주신다면 부분 환불이나 다른 보상을 고려할 수 있습니다.",,
86edb30d_20260623_110129,llm_rag,6,"부분 환불이 아니라 전체 환불, 판매자가 나에대한 부정적인 리뷰를 철회해주시고 공식적인 사과를 받고 싶습니다","현재 고객님의 요청에 대해 깊이 있게 검토하고 있습니다. [청약철회 특례]에 따르면 표시/광고와 다르다고 느끼셨을 경우 환불이 가능하지만, 저희가 광고한 상품은 특정 선수 유니폼이 아닌 토트넘 클럽 유니폼이었습니다. 그렇기 때문에 전액 환불은 어려운 점 양해 부탁드립니다.

대신 고객님의 부정적인 리뷰를 철회해 주신다면, 부분 환불을 고려할 수 있습니다. 서로 상생할 수 있는 방법으로 합의할 수 있기를 바랍니다.",,
86edb30d_20260623_110129,llm_rag,10,왜 구매자가 마음에 안들면 전액 환불도 가능한 경우가 있는데 (쿠팡 등) 왜 전액 환불은 안되는거죠,"구매자님, 각 온라인 쇼핑 플랫폼은 자체적인 환불 정책을 운영하고 있습니다. 저희는 [청약철회 특례]에 따라 표시/광고와 다른 상품일 경우에만 환불을 진행하고 있습니다. 다른 플랫폼에서의 전액 환불은 해당 플랫폼의 정책에 따른 부분입니다. 저희는 상품이 계약 내용과 다르지 않다고 판단하여 전액 환불을 진행하기 어려운 점 양해 부탁드립니다. 대신, 부정적인 리뷰를 철회해 주신다면 부분 환불을 고려할 수 있습니다.",,
86edb30d_20260623_110129,llm_rag,14,판매자가 헷갈리게 한 것 아닌가요,"구매자님, 이해하시는 바와 같이 상품 광고가 혼란스러울 수 있다는 점을 인정합니다. 하지만 [청약철회 특례] 제17조 제3항에 따르면, 상품이 표시/광고와 다르거나 계약내용과 다르게 이행된 경우에만 환불이 가능하며, 이번 경우는 해당 사항에 포함되지 않습니다. 따라서 전액 환불이 어려운 점 양해 부탁드립니다. 대신, 부정적인 리뷰를 철회해 주신다면 부분 환불을 고려할 수 있습니다. 이러한 방안을 통해 서로 만족할 수 있는 해결책을 찾을 수 있기를 희망합니다.",,
86edb30d_20260623_110129,llm_rag,18,상품 표시와 광고와 달라서 오해로 인해 환불 받고 싶습니다,"[청약철회 특례]에 따르면, 만약 상품이 표시/광고와 다르거나 계약 내용과 다르게 이행된 경우, 공급받은 날로부터 3개월 이내에 환불이 가능합니다. 하지만 저희가 광고한 것은 특정 선수의 유니폼이 아닌 토트넘 클럽 유니폼입니다. 이 점에서 현재 상황이 해당 규정에 부합하지 않는다고 판단됩니다. 부정적인 리뷰를 철회해 주신다면, 부분 환불을 고려할 수 있습니다.",,
86edb30d_20260623_110129,llm_rag,22,부정적인 리뷰는 왜 철회해야 하나요,"구매자님, 저희 사이트의 이미지 개선과 고객 만족도를 위해 부정적인 리뷰 철회를 요청드리는 것입니다. 부정적인 리뷰를 철회해 주신다면, 부분 환불을 고려할 수 있습니다. 이러한 방법으로 서로에게 더 나은 결과를 제공할 수 있기를 바랍니다.",,
86edb30d_20260623_110129,llm_rag,26,제가 마음에 안들면 그러한 리뷰를 쓰는 것은 자유아닌가요 부분환불은 당연히 되어야 하는 부분이고요,"구매자님, [청약철회 특례] 제17조 제3항에 따를 때, 표시/광고와 다른 경우에만 전액 환불이 가능합니다. 저희의 광고는 특정 선수 유니폼이 아닌 토트넘 클럽 유니폼이었기 때문에 전액 환불은 어렵습니다. 또한, [반품비용 부담-단순변심] 제18조 제9항에 따르면, 단순 변심의 경우에는 소비자가 반품 비용을 부담하게 되어 있습니다. 부정적인 리뷰는 고객님의 선택이지만, 서로 좋은 해결책을 위해 부정적인 리뷰 철회와 일부 환불을 제안드리고 있습니다. 이를 고려해주시면 감사하겠습니다.",,
86edb30d_20260623_110129,llm_rag,30,부분 환불은 해줄 수 있는 법이 있지 않나요,"구매자님, [청약철회 특례] 제17조 제3항에 따를 때, 표시/광고와 다른 경우에 대해 환불이 가능하지만, 전액 환불은 어렵습니다. 부분 환불은 고객님의 만족도를 높이기 위해 저희가 제안드리는 해결책입니다. 이를 통해 서로 윈-윈 할 수 있는 방향을 찾아보면 좋겠습니다.",,
86edb30d_20260623_110129,llm_rag,34,네 부분 환불은 가능하니까 해주시고 리뷰 철회는 제 마음이니 안해도 되는 거 아닌가요,"구매자님, [반품비용 부담-단순변심] 제18조 제9항에 따르면 고객님의 단순 변심에 따른 환불 요청 시, 반품 비용은 고객님께서 부담하셔야 합니다. 하지만, 고객님께 만족을 드리기 위해 저희가 부분 환불을 제안드립니다. 이 제안은 고객님의 리뷰 철회를 감안한 것으로, 리뷰 철회가 없다면 부분 환불 또한 진행하기 어려울 수 있습니다. 부디 이해해주시고 긍정적인 합의를 기대합니다.",,
86edb30d_20260623_110129,llm_rag,38,그럼 공식적인 사과는 해주시나요,"구매자님, 상황을 이해하시어 감사드립니다. [반품비용 부담-단순변심] 제18조 제9항에 따르면 단순 변심에 따른 환불의 경우 소비자가 반품 비용을 부담하게 되어 있습니다. 하지만, 고객님의 만족을 위해 부분 환불을 제안드리는 것입니다. 공식적인 사과에 대해서는 저희가 고객님의 불편을 안겨드린 점에 대해 송구스럽게 생각하며, 이에 대한 사과의 말씀을 드립니다. 부정적인 리뷰 철회를 고려해주신다면 부분 환불을 통해 서로 좋은 방향으로 해결할 수 있기를 바랍니다. 감사합니다.",,
86edb30d_20260623_110129,llm_rag,42,저에 대한 부정적인 리뷰 철회해주세요,"구매자님, [청약철회 특례] 제17조 제3항 규정에 따르면 상품이 표시/광고와 다르거나 계약 내용과 다르게 이행된 경우에 한해 환불이 가능합니다. 현재 상황은 해당 규정에 부합하지 않기 때문에 전액 환불이 어려운 점 양해 부탁드립니다.

부정적인 리뷰는 고객님의 권리지만, 저희 사이트의 신뢰 회복을 위해 철회를 요청드리고 있습니다. 리뷰를 철회해 주신다면, 고객님의 만족을 위해 부분 환불을 제공할 수 있습니다. 또한, 서비스 상의 혼란을 드린 점에 대해 진심으로 사과드립니다. 부디 서로에게 유리한 합의가 이루어질 수 있도록 긍정적 검토 부탁드립니다.",,
99dda26d_20260623_060256,llm_rag,2,,"안녕하세요. 귀하께서 구매하신 제품이 광고나 계약 내용과 다르게 이행되었다면 환불이 가능합니다. 하지만, 저희는 손흥민 유니폼이 아닌 토트넘 클럽 유니폼을 판매하였으며, 규정상 이 경우에는 환불이 불가능합니다. 이는 [청약철회 특례] 제17조 제3항에 명시되어 있습니다. 협의를 통해 문제를 해결해 나가도록 노력하겠습니다.",,
99dda26d_20260623_060256,llm_rag,6,혹시 교환이나 부분 환불이 가능한 경우가 있을까요?,"교환에 대한 명시적인 규정은 확인되지 않았습니다만, 고객님께서 불편을 겪으신 점은 이해하고 있습니다. 부분 환불을 고려해볼 수 있습니다. 이 경우, 고객님께서 남기신 부정적인 리뷰를 철회해 주신다면 저희도 긍정적인 방향으로 문제를 해결할 수 있도록 하겠습니다. 이 제안에 대해 어떻게 생각하시는지요?",,
99dda26d_20260623_060256,llm_rag,11,제가 부분환불을 부탁드린 뒤 부정적인 리뷰를 제거하고 사과까지 한다면 혹시 판매자님도 부정적인 리뷰를 제거한뒤 사과를 해주실 수 있나요?,"고객님의 제안을 검토한 결과, 저희가 귀하의 부정적인 리뷰를 철회하고 사과를 제공한다는 조건 하에 부분 환불을 제공할 수 있습니다. 이는 고객님의 불편을 이해하고 문제를 해결하기 위한 최선의 방법이라고 생각합니다. 어떻게 생각하시나요?",,
99dda26d_20260623_060256,llm_rag,16,그렇다면 부분 환불하는 방향으로 가고 싶습니다.,"고객님과의 상호 협의를 통해 부분 환불을 진행하기로 한 점 감사합니다. 

규정에 따르면, 단순 변심에 의한 반품의 경우에는 소비자가 반환 비용을 부담하며, 회사는 위약금이나 손해배상을 청구할 수 없습니다. [반품비용 부담-단순변심] 제18조 제9항에 명시된 내용입니다.

따라서, 귀하의 부정적인 리뷰 제거와 저희의 사과를 전제로 부분 환불을 제공할 것임을 확인합니다. 고객님께서도 동의하신다면 진행하도록 하겠습니다.",,
99dda26d_20260623_060256,llm_rag,18,동의합니다,"부분 환불을 진행하겠습니다. 또한, 고객님의 리뷰 철회와 저희의 사과 절차도 함께 진행하겠습니다. 만족스러운 해결책이 되길 바랍니다. 이후 다른 문의 사항이 있으시면 언제든지 연락 주시기 바랍니다.",,
a160bdce_20260623_111901,llm_rag,2,,"안녕하세요. 요청하신 환불에 대해 설명해 드리겠습니다. [청약철회 특례] 제17조 제3항에 따르면, 제품이 표시/광고와 다르거나 계약내용과 다르게 이행된 경우에만 환불이 가능합니다. 저희가 판매한 상품은 특정 선수의 유니폼이 아닌 토트넘 클럽 유니폼으로, 광고에 명시된 제품과 다르지 않습니다. 따라서 이 경우 환불이 어려운 점 양해 부탁드립니다.",,
a160bdce_20260623_111901,llm_rag,6,"그렇지만 저는 손흥민 유니폼인줄 알았는데요,, 환불 부탁드립니다","안타깝게도 구매하신 제품은 광고나 계약 내용에 부합하는 토트넘 클럽 유니폼입니다. 말씀하신 손흥민 유니폼으로 착각하신 부분은 소비자의 단순 착각에 해당되며, [청약철회 특례] 제17조에 따라 환불이 어려운 점 양해 부탁드립니다. 대신, 좋지 않게 남겨주신 리뷰를 철회해 주신다면 구매자님의 불편을 고려하여 일정 부분 환불을 제공하는 방안을 제안드릴 수 있습니다. 이와 관련해 협의하길 원하시면 언제든지 말씀 부탁드립니다.",,
a160bdce_20260623_111901,llm_rag,11,저에 대한 부정적인 리뷰도 철회 해주신다면 고민해볼게요,"현재 상황에 대해 다시 한번 안내 드리겠습니다. [청약철회 특례] 제17조 제3항에 따르면 상품이 표시/광고와 다르거나 계약내용과 다르게 이행된 경우에만 환불이 가능하며, 이는 우리 상품에 해당하지 않습니다. 고객님의 경우는 단순 변심 반품에 해당하며 제18조 제9항 규정에 따라 반환에 필요한 비용은 소비자가 부담해야 합니다.

하지만, 고객님께서 남기신 부정적인 리뷰를 철회해 주신다면 일정 부분 환불을 제공할 수 있는 방안을 제안드리고자 합니다. 이는 저희 측에서도 고객님의 불편을 해소하려는 노력의 일환입니다. 또한, 귀하께서 요청하신 저에 대한 부정적인 리뷰 철회는 조금 더 논의가 필요할 것 같습니다만, 긍정적인 방향으로 협의해 나가길 희망합니다. 어떻게 생각하시는지 알려주세요.",,
a160bdce_20260623_111901,llm_rag,16,제가 착각한 것은 인정합니다. 그러면 서로 부정적인 리뷰 철회하고 일정 부분 환불도 해주심이 어떤가요,"고객님께서 착각하셨음을 인정해 주셔서 감사드리며, 부정적인 리뷰를 철회하신다면 저희도 합리적인 선에서 일정 부분 환불을 제공하고자 합니다. 그리고 환불 절차에 대해 설명드리자면, [반품비용 부담-단순변심] 제18조 제9항에 따르면 단순 변심에 의한 반품의 경우, 반환에 필요한 비용은 소비자가 부담해야 한다고 규정되어 있습니다. 고객님께서 만족하실 수 있도록 협력하여 문제를 해결하길 바랍니다.",,
a160bdce_20260623_111901,llm_rag,20,반환 비용은 어떤걸 말하는 건가요?,"'반환 비용'이란 제품을 저희에게 반송하는 데 드는 배송비를 의미합니다. [반품비용 부담-단순변심] 제18조 제9항에 따르면, 단순 변심에 의한 반품은 고객님께서 반송 비용을 부담하셔야 함을 규정하고 있습니다. 따라서, 이 점을 참고하시어 반품 절차를 진행해 주시면 감사하겠습니다.",,
a160bdce_20260623_111901,llm_rag,24,"아 잠시만요  단순 변심에 의한 배송비는 제가 부담할 수 있는데, 그러면 배송비를 제외한 비용 전체를 돌려주셔야죠. 상품이 그대로 인데요..","단순 변심 반품의 경우, [반품비용 부담-단순변심] 제18조 제9항에 따라 반환에 필요한 비용은 소비자께서 부담하셔야 합니다. 따라서 반송 비용은 고객님께서 부담하시고, 그 외의 상품 비용의 일부를 환불해드릴 수 있습니다. 이를 통해 서로 리뷰를 철회하는 방향으로 협의하실지 결정해주시면 감사하겠습니다.",,
a160bdce_20260623_111901,llm_rag,28,왜 일부인가요?,"단순 변심 반품의 경우, [반품비용 부담-단순변심] 제18조 제9항에 따라 반환에 필요한 비용은 소비자가 부담하며, 회사는 위약금이나 손해배상을 청구할 수 없습니다. 다만, 저희는 고객님의 불편을 고려하여 일부 환불을 제안드렸습니다. 고객님께서도 리뷰 철회를 약속해주시면, 일정 부분 환불을 진행할 수 있습니다.",,
a160bdce_20260623_111901,llm_rag,32,배송비 제외 전액 환불이 어렵다면 제가 판매자님께 다시 반품할 이유가 없는 것 같아요 저 역시 다른 중고 사이트에서 거래를 하는게 금전적으로 이득이니까요 부정적인 리뷰를 철회 할테니 환불 금액을 더 높여주실 수 있나요?,"고객님의 상황을 이해하며 부정적인 리뷰를 철회해주신다는 부분에 대해 감사드립니다. [반품비용 부담-단순변심] 제18조 제9항에 따라 단순 변심 반품 시 반환 비용은 소비자 부담으로 규정되어 있으므로, 저희는 배송비를 제외한 상품 비용의 일정 부분을 환불드릴 수 있습니다. 추가로 금액을 조정하여 보다 만족스러운 해결책을 제공해 드리기 위해 노력하겠습니다. 환불 금액에 대한 구체적인 제안을 드려도 될까요?",,
a160bdce_20260623_111901,llm_rag,36,네 한번 주세요,"단순 변심에 의한 반품의 경우, [반품비용 부담-단순변심] 제18조 제9항에 따라 소비자가 반송 비용을 부담해야 하며, 회사는 위약금이나 손해배상을 청구할 수 없습니다. 그럼에도 불구하고 고객님의 불편을 감안하여 상품 금액의 30%를 환불해 드리고자 합니다. 이를 통해 서로 리뷰를 철회하는 방향으로 협의하실지 결정해주시면 감사하겠습니다.",,
a160bdce_20260623_111901,llm_rag,40,아... 글쎄요 너무 적어요,"[반품비용 부담-단순변심] 제18조 제9항에 따라 단순 변심에 의한 반품의 경우, 소비자가 배송비를 부담하고, 회사는 위약금을 청구할 수 없게 되어 있습니다. 저희는 고객님의 불편을 고려하여 상품 금액의 30%를 환불해 드리기로 한 것입니다. 이 점을 고려하시어 리뷰 철회와 함께 긍정적인 방향으로 협의해 주시면 감사하겠습니다.",,
a160bdce_20260623_111901,llm_rag,46,그럼 서로 리뷰 철회하고 따로 반품은 안할게요,상호 리뷰 철회에 동의해 주셔서 감사합니다. 앞으로 더 나은 서비스를 제공할 수 있도록 노력하겠습니다. 문의사항이 있으시면 언제든지 연락해 주세요.,,
a9f71495_20260624_011338,pure_llm,0,,"먼저, 토트넘 클럽 유니폼이 잘못 배송된 것에 대해 오해가 있었다면 유감입니다. 우리는 토트넘 클럽 유니폼을 판매하고 있어 특정 선수의 유니폼을 보내지 않았습니다. 귀하께서 남기신 부정적인 리뷰에 대해 논의해볼까요? 이를 철회해주신다면 부분적으로 환불을 제안해드릴 수 있을 것 같습니다.",,
a9f71495_20260624_011338,pure_llm,2,만약 판매자분께서 공식적인 사과를 하고 제가 리뷰를 긍정적인 리뷰로 바꾼다면 부분 환불을 고려해주실 수 있을까요?,"우선 불편을 드려 죄송합니다. 오해를 일으킨 점에 대해 공식적으로 사과드립니다. 귀하의 리뷰를 긍정적으로 수정하신다면, 부분 환불을 제공하겠습니다. 이로써 서로 오해를 풀고 좋은 방향으로 마무리할 수 있기를 바랍니다.",,
a9f71495_20260624_011338,pure_llm,4,그러면 몊퍼센트까지 환불 가능하죠?,"부분 환불로 20%를 제안합니다. 이것이 합리적이라고 생각하며, 귀하께서 리뷰를 긍정적으로 수정해주시면 이 조건을 적용하겠습니다.",,
a9f71495_20260624_011338,pure_llm,6,30%로 부탁해도 될까요? 20은 너무 적은 것 같습니다.,이해합니다. 그러면 절충안으로 25% 환불을 제안드립니다. 이 조건이라면 리뷰를 긍정적으로 수정해주실 수 있나요?,,
a9f71495_20260624_011338,pure_llm,8,원래 50%로 하려다가 판매자분 상황도 고려해서 30으로 제안한건데 부탁좀 드리겠습니다.,"구매자님의 관대함에 감사드리며, 30% 환불을 수락하겠습니다. 이로써 구매자님께서 리뷰를 긍정적으로 수정해주신다면 좋은 방향으로 마무리할 수 있을 것 같습니다.",,
a9f71495_20260624_011338,pure_llm,10,네 감사합니다.,협조해주셔서 감사합니다. 곧 환불 절차를 진행하도록 하겠습니다. 앞으로도 좋은 서비스로 찾아뵙겠습니다.,,
b69f8b85_20260624_093238,pure_llm,0,,문제에 대해 논의해보죠. 리뷰를 철회해주신다면 부분 환불을 고려해볼 수 있습니다. 하지만 상품을 정확히 기재한 대로 발송했기 때문에 전액 환불은 어렵습니다.,,
b69f8b85_20260624_093238,pure_llm,2,"네 일단 제가 구매한 이유는 손흥민 유니폼이기 때문에 구매한것이고, 제가 마킹을 따로 해야 했다면 구매하지 않았습니다. 하지만 이 부분에 대해서 정확히 기재되어 있지 않았습니다. 어쨋든 지금 상품은 택을 제거하지 않은 새상품이니, 배송비만 제외하고 전액 환불 해주시는게 맞다고 봅니다. 전액 환불 해주시면 리뷰는 바로 철회하겠습니다.","이해합니다만, 저희는 사이트에 명시된 대로 제품을 발송했습니다. 전액 환불은 어려운 상황이지만, 리뷰를 철회해주신다면 배송비를 제외한 부분 환불을 제안드릴 수 있습니다. 추가적으로, 구매자님께서 저희에게 남기신 리뷰에 대해선 사과를 받을 수 있을까요?",,
b69f8b85_20260624_093238,pure_llm,4,우선 제가 욕설을 포함하여 리뷰를 작성한 부분은 사과드리겠습니다. 하지만 제가 구매했을 당시에는 사이트에 제대로 명시되어 있지 않은 상황이었습니다.,사과해 주셔서 감사드립니다. 고객님의 말씀을 잘 이해했습니다. 리뷰를 철회해 주신다면 배송비를 제외한 부분 환불을 제공하겠습니다. 이렇게 하면 저희가 상호간에 불편함을 최소화할 수 있을 것입니다.,,
b69f8b85_20260624_093238,pure_llm,6,"배송비를 제외한 전액 환불이 맞는거 아닌가요? 제가 택을 제거한 것도 아니고, 새상품인데","고객님께서 이해할 수 있지만, 저희는 부분 환불을 통해 문제를 해결하고자 합니다. 리뷰를 철회해 주시면 배송비를 제외한 부분 환불을 진행하겠습니다. 이 방법으로 최선의 해결책을 찾을 수 있을 것 같습니다.",,
b69f8b85_20260624_093238,pure_llm,8,부분 환불은 얼마나 해주시는건가요?,부분 환불은 구매 금액의 30%를 제공할 수 있습니다. 이 조건으로 리뷰를 철회해 주신다면 서로에게 좋은 해결책이 될 것입니다.,,
b69f8b85_20260624_093238,pure_llm,10,"그렇다면 안될것 같습니다. 그럼 그냥 제가 마킹 따로할테니까, 작성했던 리뷰 철회는 불가능합니다. 저는 이번 한번만 손해본거지만, 제가 리뷰 철회안하면 판매자님이 계속 손해보시는 상황일텐데 잘 생각해보세요.","구매자님이 생각이 있으신 걸 이해합니다. 마지막 제안으로, 배송비를 포함한 40% 부분 환불을 제안드리겠습니다. 리뷰 철회를 고려해 주신다면 이 조건으로 서로 만족스러운 해결책을 찾을 수 있을 것입니다.",,
b69f8b85_20260624_093238,pure_llm,12,"안될것 같습니다. 저는 무조건 배송비를 제외한 전액 환불을 받아야 리뷰를 철회할 것이고, 그냥 다른 곳에서 마킹 받겠습니다.","고객님의 요구를 충분히 이해합니다. 마지막으로 타협점을 찾아보죠. 제가 고객님에 대한 부정적인 리뷰를 철회하고, 배송비를 제외한 전액 환불을 제공할 수 있도록 하겠습니다. 이렇게 하면 서로에게 이득이 될 것입니다. 이러한 조건을 고려해 주시면 감사하겠습니다.",,
b80d2d15_20260623_110721,llm_rag_nego_strategy,2,,"안녕하세요. 귀하의 환불 요청에 대해 문의 주셔서 감사합니다. 현재 제품은 광고나 계약 내용과 다르게 이행된 것이 아니므로, 환불이 불가능한 점을 이해해 주셨으면 합니다. 

다만, 부정적인 리뷰 철회를 고려해 주신다면, 상호간의 관계를 위해 부분 환불을 제안드릴 수 있습니다. 이를 통해 문제를 원만히 해결해 나가길 희망합니다. 

추가적인 문의 사항이 있으시면 언제든지 말씀해 주세요.",,
b80d2d15_20260623_110721,llm_rag_nego_strategy,6,광고나 계약 내용과 다르게 이행된 것이라고 구매자는 생각을 했습니다. 오해를 한 부분에 있어서는 판매자도 잘못이 있다고 생각합니다. 따라서 전체 환불을 해주셨으면 좋겠습니다,"구매자님, 광고 및 계약 내용과 일치하게 제품이 발송된 점을 확인하였습니다. 

그러나 오해가 있었던 것을 이해하며, 고객님의 불편을 덜어드리고자 부정적인 리뷰를 철회해 주신다면 부분 환불을 고려할 수 있습니다.

이 제안을 통해 서로 원만하게 문제를 해결해 나가기를 기대합니다.",,
b80d2d15_20260623_110721,llm_rag_nego_strategy,10,부분 환불이 아닌 전체 환불을 원합니다,"구매자님, 환불 규정에 따르면 제품이 잘못된 경우에만 전체 환불이 가능합니다. 현재 제공된 유니폼은 광고된 내용과 일치하므로 전체 환불은 어렵습니다. 하지만 구매자님의 오해를 이해하고 부정적인 리뷰를 철회해 주신다면 부분 환불을 제안드리고자 합니다. 이렇게 협력해 주시면 감사하겠습니다.",,
b80d2d15_20260623_110721,llm_rag_nego_strategy,14,법이 있나요,"구매자님, 환불 규정에 따르면 제품이 잘못 광고되거나 계약 내용과 달리 이행된 경우에만 전체 환불이 가능합니다. 현재 제공된 유니폼은 광고 내용과 일치하기 때문에 전체 환불은 어려운 점 양해 부탁드립니다. 하지만 고객님의 불편을 이해하기에 부정적인 리뷰를 철회해 주신다면 부분 환불을 제안드리고 싶습니다. 이렇게 협력해 주시면 감사하겠습니다.",,
b80d2d15_20260623_110721,llm_rag_nego_strategy,18,구매자가 오해할 수 밖에 만든 것은 잘못 아닌가요 왜 부분 환불인가요ㅛ,"구매자님, 귀하의 불편에 대해 다시 한 번 사과드립니다. 현재 규정에 따르면, 제품이 잘못 광고되거나 계약 내용과 다르게 이행된 경우에만 전체 환불이 가능합니다. 하지만 제공된 유니폼은 광고 내용과 일치하기 때문에 전체 환불은 어려운 점 양해 부탁드립니다. 고객님의 오해를 이해하기에 부정적인 리뷰를 철회해 주신다면 부분 환불을 제안드리고 싶습니다. 이렇게 협력해 주시면 감사하겠습니다.",,
b80d2d15_20260623_110721,llm_rag_nego_strategy,22,부정적인 리뷰는 철회할 수 없습니다,"구매자님, 귀하의 불편에 대해 다시 한 번 사과드립니다. 

`제17조 제3항`에 따르면, 제품이 잘못 광고되거나 계약 내용과 다르게 이행된 경우에만 전체 환불이 가능합니다. 하지만 현재 제공된 유니폼은 광고 내용과 일치하기 때문에 전체 환불은 어려운 점 양해 부탁드립니다.

부정적인 리뷰를 철회해 주신다면, 고객님의 불편을 이해하고 부분 환불을 제안드리고 싶습니다. 이렇게 협력해 주시면 감사하겠습니다.",,
b80d2d15_20260623_110721,llm_rag_nego_strategy,27,부정적인 리뷰는 철회할 수 없고 부분환불은 진행해주세요,"구매자님, 환불 요청을 이해하며, 규정 상 단순 변심에 해당하는 부분 환불에 대해 안내드립니다. 

`제18조 제9항`에 따르면, 단순 변심에 의한 반품의 경우 반환에 필요한 비용은 소비자가 부담하게 됩니다. 그러나 귀하의 리뷰 관련 불편을 헤아려, 부분 환불을 진행하도록 하겠습니다.

추가적으로 궁금한 점이나 더 필요한 지원이 있으면 언제든지 말씀하세요. 감사합니다.",,
b80d2d15_20260623_110721,llm_rag_nego_strategy,32,저에 대한 부정적인 리뷰도 철회해주세요,"구매자님, `제18조 제9항`에 따르면, 단순 변심에 의한 반품의 경우 반환에 필요한 비용은 소비자가 부담하게 됩니다. 하지만 불편함을 해소하기 위해 부정적인 리뷰에서 철회 여부와 상관없이 부분 환불을 진행하도록 하겠습니다. 저희 측에서 구매자님의 불편을 최대한 덜어드리기 위해 노력하겠습니다. 추가로 궁금한 점이나 필요한 지원이 있다면 언제든지 말씀해 주세요.",,
be4100c3_20260623_060927,llm_rag_nego_strategy,2,,"안녕하세요. 구매하신 상품은 판매 시점에 손흥민 유니폼이 아닌 토트넘 클럽 유니폼으로 명시되어 있었기 때문에, 표시/광고와 다르게 이행된 것이 아닙니다. 따라서 환불은 불가합니다. 하지만 고객님의 불편을 고려하여 부분 환불을 제공합니다. 조건으로는 사이트에 남겨주신 부정적인 리뷰를 철회해 주시는 것을 부탁드립니다. 저희도 고객님에 대한 리뷰를 철회할 수 있습니다. 이러한 제안을 통해 상호 이익을 도모할 수 있기를 바랍니다.",,
be4100c3_20260623_060927,llm_rag_nego_strategy,7,혹시 서로의 리뷰가 어떻게 작성되어 있는지 보여주실 수 있나요?,"안녕하세요. 환불 정책에 따르면, 청약철회는 표시/광고와 다르거나 계약 내용과 다르게 이행된 경우에만 가능합니다. 귀하의 경우는 이러한 사유에 해당하지 않기 때문에 단순 변심으로 간주됩니다. [출처: law.json, 제18조 제9항]에 따른 단순 변심의 경우, 반품 비용은 소비자가 부담하며 환불은 불가합니다.

다만, 고객님의 불만을 고려하여 부분 환불을 제안드립니다. 이 제안을 수용하신다면, 귀하께서 남기신 부정적인 리뷰 철회를 부탁드립니다. 저희도 고객님에 대한 리뷰를 철회할 용의가 있습니다. 이러한 제안이 서로에게 만족스러운 결과를 가져다줄 수 있기를 바랍니다.",,
be4100c3_20260623_060927,llm_rag_nego_strategy,11,제품에 손상이 있는 듯 한데 전액 환불도 가능한가요?,"안녕하세요. 구매하신 제품에 손상이 발견되었다고 하셨는데, 환불 정책에 따르면 [출처: law.json, 제17조 제3항] 제품이 표시/광고와 다르게 이행된 경우에만 전액 환불이 가능합니다. 현재 귀하의 경우는 이러한 사유에 해당하지 않으며, 단순 변심으로 간주되어 환불이 불가합니다. 제품의 손상에 대해서는 보다 구체적인 상황과 확인이 필요합니다.

다만, 고객님의 불편을 고려하여 부분 환불을 제안드립니다. 이 제안을 수용하신다면, 귀하께서 남기신 부정적인 리뷰 철회를 부탁드립니다. 저희도 고객님에 대한 리뷰를 철회할 용의가 있습니다. 이러한 제안이 서로에게 만족스러운 결과를 가져다줄 수 있기를 바랍니다.",,
be4100c3_20260623_060927,llm_rag_nego_strategy,15,현재 제품의 허리 부분에 변색이 존재하여 제품의 표시/광고와 다른 모습을 지니고 있습니다. 이러한 부분에 대해 전액 환불을 요청합니다.,"안녕하세요. 말씀하신 제품의 변색이 실제로 표시/광고와 다르다면, [청약철회 특례법 제17조 제3항]에 따라 환불이 가능합니다. 손상된 부분을 확인하기 위해 사진을 보내주시면 보다 정확한 판단에 도움이 될 것입니다. 부정적인 경험을 하신 점에 대해 유감이며, 이를 통해 부분 환불을 제안드리겠습니다. 이 제안을 받아들이신다면 부정적인 리뷰 철회를 부탁드리며, 저희 리뷰 역시 철회하겠습니다. 고객님의 만족도를 높이기 위한 노력에 함께 해주시면 감사하겠습니다.",,
be4100c3_20260623_060927,llm_rag_nego_strategy,20,잘못된 제품을 보내주셨는데 부정적인 리뷰는 판매자님께서 직접 지우시고 공식적으로 사과를 해주셔야 하는게 아닌가요?,"안녕하세요. 제품에 변색이 발견된 점에 대해 유감입니다. [법적 규정에 따르면](출처: law.json, 제17조 제3항) 표시/광고와 다르게 이행된 경우에는 환불이 가능합니다. 이를 처리하기 위해 변색된 부분의 사진을 보내주시면 감사하겠습니다. 또한, 부정적인 리뷰 철회에 대한 요청을 받아들이신다면 공식적인 사과와 부분 환불을 제안드리겠습니다. 양측 모두가 만족할 수 있는 결과를 도모할 수 있기를 바랍니다.",,
be4100c3_20260623_060927,llm_rag_nego_strategy,25,확인했습니다. 부정적인 리뷰를 철회하겠습니다. 판매자님께서도 부정적인 리뷰 철회와 사과와 전액 환불까지 요청부탁드립니다,"안녕하세요. 제품의 변색 문제가 발생한 점에 대해 깊은 사과를 드립니다. 규정에 따르면 [출처: law.json, 제17조 제3항] 표시/광고와 다르게 이행된 경우 환불이 가능합니다. 변색된 부분에 대한 확인을 위해 사진을 보내주시면 감사하겠습니다. 귀하께서 부정적인 리뷰를 철회하신다면, 저희도 고객님에 대한 리뷰를 철회하고 공식적으로 사과드리며 부분 환불을 진행하겠습니다. 이를 통해 서로에게 만족스러운 해결책을 찾을 수 있기를 바랍니다. 감사합니다.",,
bf56973f_20260623_071421,llm_rag,2,,"안녕하세요, 환불 요청과 관련된 문제를 이해합니다. 다만, 우리 사이트의 환불 정책에 따르면, 표시/광고와 다르거나 계약 내용이 다르게 이행된 경우에만 환불이 가능합니다. 현재 제공된 상품은 계약내용과 일치하는 것으로 확인되어 환불이 어렵습니다. 대신에 부정적인 리뷰를 철회해 주신다면 부분적인 환불을 고려해볼 수 있습니다. 더 나은 해결책을 찾기 위해 협력할 수 있기를 바랍니다.",,
bf56973f_20260623_071421,llm_rag,7,저는 전체 환불 받기를 원합니다. 전체 환불이 가능하다면 부정적인 리뷰를 철회해 드리도록 하겠습,"안타깝게도, 상품은 표시/광고와 다르지 않고 계약 내용과 일치하게 제공되었으므로 전액 환불은 어렵습니다. [청약철회 특례] 제17조 제3항에 따르면, 표시/광고와 상이하거나 계약내용과 다르게 이행된 경우에만 환불이 가능합니다. 하지만 고객님의 협조로 부정적인 리뷰를 철회해 주신다면, 고객 만족을 위해 부분 환불을 고려할 수 있습니다. 이러한 제안을 진지하게 고려해 주셨으면 합니다.",,
bf56973f_20260623_071421,llm_rag,11,부분 환불이라고 하면 어느 정도를 이야기하는 것인가요? 80%이상 이면 고려해보겠습니다.,"현재 규정에 따르면, 상품은 표시/광고와 다르지 않고 계약 내용과 일치하게 제공되었으므로 전액 환불은 어렵습니다. 다만, 고객님의 이해와 협력으로 부정적인 리뷰를 철회해 주신다면, 50% 부분 환불을 제안드리고자 합니다. 이는 고객 만족을 위한 저희의 최대한의 노력입니다. 이 제안을 받아들여 주신다면 감사하겠습니다.",,
bf56973f_20260623_071421,llm_rag,15,저는 해당 제품이 손흥민 유니폼이 아니라면 필요가 없는 제품입니다. 물론 제 실수이기는 하지만 다른 플랫폼을 보면 단순 고객 실수라고 할지라도 대부분 전액 환불을 해주고 있다고 알고 있습니다. 제 실수이니 만큼 배송비는 당연히 제가 부담할 것입니다. 그래도 전액 환불이 어려울 까요?,"단순 변심으로 인한 반품의 경우, [반품비용 부담-단순변심] 제18조 제9항에 따르면 반환에 필요한 비용은 소비자가 부담하며, 회사는 위약금이나 손해배상을 청구할 의무가 없습니다. 따라서 전액 환불은 어렵습니다. 하지만 고객님께서 배송비를 부담하신다는 점을 고려하여, 부정적인 리뷰 철회와 함께 50% 부분 환불 제안을 유지하고자 합니다. 이러한 제안을 다시 한번 고려해 주시길 바랍니다.",,
bf56973f_20260623_071421,llm_rag,19,"배송비를 제가 부담하게 된다면 그냥 원래 있던 유니폼이 제자리고 도라오는 것인데 왜 부분 환불을 받아야 하는 건지 잘 이해가 되지 않습니다. 
다시 한 번 말하지만 저는 전액 환불을 요청드립니다.","단순 변심으로 인한 환불의 경우, [반품비용 부담-단순변심] 제18조 제9항에 따르면 반환에 필요한 비용은 소비자가 부담하며, 회사는 위약금이나 손해배상을 청구할 의무가 없습니다. 따라서 전액 환불은 어려운 상황입니다. 부정적인 리뷰를 철회해 주신다면 50% 부분 환불 제안은 여전히 유효하니, 이 제안을 다시 한번 고려해 주시길 바랍니다.",,
bf56973f_20260623_071421,llm_rag,23,단순 변심이 아니라 주문한 제품이 제가 주문하려고 했던 제품과 달랐던 습니다,"안타깝게도, 구매자가 주문한 제품과 실제로 배송된 제품이 다르다는 주장은 확인할 수 없습니다. [청약철회 특례] 제17조 제3항에 따르면 표시/광고와 다르거나 계약내용과 다르게 이행된 경우에만 환불이 가능합니다. 현재 상황은 단순 변심에 해당되어 전액 환불은 어려운 점 양해 부탁드립니다. 대신 부정적인 리뷰를 철회해 주신다면, 50% 부분 환불 제안을 유지하고자 합니다. 이 제안을 다시 한번 검토해 주시길 바랍니다.",,
bf56973f_20260623_071421,llm_rag,27,싫어여,"안타깝게도, 현재 규정에 따르면 표시/광고와 다르지 않은 경우에는 환불이 불가능합니다. [청약철회 특례] 제17조 제3항에 근거하여 전액 환불은 불가능한 상황입니다. 다만, 고객님의 만족을 위해 부정적인 리뷰를 철회해 주신다면 50% 부분 환불을 제안드리고 있습니다. 이 점을 다시 한번 고려해 주시면 감사하겠습니다.",,
bf56973f_20260623_071421,llm_rag,31,그러면 그냥 부정적인 리뷰는 유지하도록 하겠습니다,"안타깝지만, 리뷰 관리 정책에 대한 구체적인 규정은 찾지 못했습니다. 현재 상황에서 전액 환불은 어렵지만, 부정적인 리뷰를 철회해 주신다면 50% 부분 환불을 제안드리고 있습니다. 이 점을 고려해 주시길 바랍니다.",,
bf56973f_20260623_071421,llm_rag,35,부정적인 리뷰 철회와 더불어 제가 사과하겠습니다. 물론 전액 환불이 가능하다면,"안타깝지만, [청약철회 특례] 제17조 제3항에 따르면 표시/광고와 다르거나 계약 내용과 다르게 이행된 경우에만 환불이 가능합니다. 현재의 상황에서는 전액 환불이 어려운 점을 양해 부탁드립니다. 대신, 고객님께서 부정적인 리뷰를 철회해 주신다면 50% 부분 환불을 유지할 수 있습니다. 이러한 제안을 한번 더 고려해 주시면 감사하겠습니다.",,
d4820519_20260625_061136,llm_rag,2,,"안녕하세요. 환불 요청에 대해 안내드립니다. 저희는 토트넘 클럽 유니폼을 판매한 것이며, 특정 선수의 유니폼으로 광고되거나 판매된 적이 없습니다. 따라서 환불 요청은 청약철회 특례의 '표시/광고와 다르거나 계약내용과 다르게 이행된 경우'에 해당되지 않습니다. 이로 인해 현재 환불은 불가능한 점 양해 부탁드립니다.",,
d4820519_20260625_061136,llm_rag,7,"판매자님, 먼저 대화에 응해주셔서 감사합니다.

우선, 텍스트로 적어두신 공지를 제가 꼼꼼히 확인하지 못한 부분은 인정합니다. 하지만 상품 사진에 'SON'이라는 이름과 등번호가 명확히 노출되어 있었다면, 구매자 입장에서는 당연히 손흥민 선수의 개인 유니폼으로 인지할 수밖에 없습니다. 이는 분명히 소비자에게 오해를 유발할 소지가 있는 안내 방식입니다.

저 역시 아픈 조카의 실망감에 순간 감정이 앞서 욕설이 섞인 격한 리뷰를 남긴 점은 어른스럽지 못했다고 생각하며 사과드립니다. 저는 이 상황에서 서로 감정을 소모하기보다, 판매자님께 금전적 손실이 전혀 발생하지 않으면서도 오히려 스토어의 신뢰도를 크게 높일 수 있는 '완벽한 윈윈(Win-Win) 해결책'을 제안해 드리고 싶습니다.


1. 즉각적인 재구매 및 최상급 찬사 리뷰 작성 (판매자님 실질적 손실 제로)
100% 전액 환불을 진행해 주신다면, 저는 다른 사이트가 아닌 판매자님의 스토어에서 정확한 '손흥민 선수 유니폼'을 즉시 새로 결제하겠습니다. 또한, 새 구매 건에는 ""처음엔 오해가 있었으나, 판매자님의 완벽하고 감동적인 대처 덕분에 믿고 다시 구매했다""는 내용의 강력한 찬사 리뷰를 남기겠습니다. 결국 판매자님은 유니폼 1매의 매출을 그대로 확보하시게 됩니다.

2. 주변 지인 적극 홍보 및 인증
환불 리스크를 감수하고 고객을 배려해 주신 대처에 감동하여, 제 주변 지인들에게 판매자님의 스토어를 적극적으로 홍보하고 이를 개인 DM으로 인증해 드리겠습니다. 단순한 1건의 환불 방어를 넘어, 잠재 고객들에게 엄청난 신뢰를 얻는 홍보 효과를 누리실 수 있습니다.

3. 판매자 측 리뷰 철회 및 기존 리뷰 수정
저를 향해 남기신 판매자님의 감정적인 리뷰를 삭제해 주십시오. 저 역시 아픈 조카의 실망감에 순간 감정이 앞서 욕설이 섞인 격한 리뷰를 남긴 점은 어른스럽지 못했다고 생각하여 제 리뷰에서 욕설과 비난은 즉시 지우겠습니다. 다만, 다른 구매자들의 혼선을 방지하기 위해 '사진과 실제 배송 상품이 다를 수 있다'는 사실관계(부정적 뉘앙스) 자체는 유지하겠습니다. 이는 새롭게 달릴 저의 '찬사 리뷰'와 대비되어 스토어의 훌륭한 CS 대처 능력을 더욱 돋보이게 할 것입니다.

4. 조카를 위한 공식적인 사과
마지막으로, 이번 일로 크게 상처받았을 제 조카를 위해 오해를 일으킨 점에 대한 짧고 공식적인 사과 말씀을 부탁드립니다. 어린아이에게 좋아하는 구단에 대한 불행한 추억을 남겨주고 싶지 않은 제 간절한 바람입니다.

결과적으로 판매자님은 전액 환불을 하시더라도 즉각적인 재구매를 통해 금전적 손실을 방어하시고, 오히려 긍정적인 리뷰와 입소문을 얻으실 수 있습니다. 서로의 실수를 양보하여 이번 일을 좋은 거래 경험으로 남길 수 있도록 긍정적인 검토 부탁드립니다.","구매자님, 제안하신 점에 대해 깊이 감사드립니다. 환불 정책에 따르면, 상품이 표시나 광고와 다르게 이행된 경우 환불이 가능하지만, 이번 사례는 특정 선수의 유니폼으로 판매된 것이 아니기에 이 규정에 해당되지 않습니다. 다만, 구매자님께서 성의 있는 제안을 주신 것을 고려하여 부분적인 해결책을 모색해 보고자 합니다. 

구매자님의 긍정적인 리뷰 철회를 포함해 본 스토어에 대한 신뢰를 회복할 수 있는 방안을 찾고 싶습니다. 이에 따라 부분 환불 및 리뷰 수정과 관련된 협상 가능성을 열어두고자 합니다. 

판매자 리뷰 철회를 포함해 상호 간 리뷰에 대해 긍정적인 방식으로 조정할 수 있는지 논의해 보고자 하는데, 이에 대해 어떻게 생각하시는지 의견을 부탁드립니다.",,
d4820519_20260625_061136,llm_rag,11,저야말로 긍정적인 논의 좋습니다,"구매자님, 규정에 따르면, 상품이 표시나 광고와 다르게 이행된 경우에만 환불이 가능하지만, 이번 경우는 해당되지 않습니다. 다만, 구매자님께서 신뢰를 회복하시기를 원하신다면, 부분 환불을 제안드릴 수 있습니다. 이와 함께 구매자님의 긍정적인 리뷰 철회 및 수정, 저의 리뷰 철회를 포함한 상호 협력을 통해 서로의 입장을 조율할 수 있기를 바랍니다. 이런 조치가 가능하다면, 더욱 긍정적인 방향으로 해결할 수 있을 것으로 기대합니다.",,
d4820519_20260625_061136,llm_rag,15,"말씀드린 대로 ""하지만 상품 사진에 'SON'이라는 이름과 등번호가 명확히 노출되어 있었다면, 구매자 입장에서는 당연히 손흥민 선수의 개인 유니폼으로 인지할 수밖에 없습니다."" 이런 상황이었기 때문에 상품이 표시와 다르게 이행된 경우라고 생각되는데, 제 4가지 제안에 대해서 그대로 조치해주시면다면 상호 입장 조율도 가능하고 저 또한 판매사이트에 대한 신뢰도 회복하고 더욱 긍정적인 방향으로 가는 해결 방안인 듯 싶습니다.","구매자님, 제17조 제3항에 따르면, 상품이 표시나 광고와 다르게 이행된 경우에는 환불이 가능합니다. 하지만 현재 상황에서는 이 규정이 어떻게 적용될 수 있는지가 핵심입니다. 제가 이해하기로는 'SON'이라는 명칭이 특정 상품으로 오인될 수 있다는 점에서 오해의 소지가 있을 수 있습니다. 따라서, 이 부분에 대해 좀 더 명확한 조정을 통해, 부분 환불 및 상호 리뷰 철회와 같은 방안을 제안드리고자 합니다. 이에 대해 어떻게 생각하시나요?",,
d4820519_20260625_061136,llm_rag,19,네 그래서 제가 말씀드리고 있지 않나요? 해당 사이트의 페이지가 17조 3항에 의거하여 상품이 표시나 광고도 다르게 이행되어서 환불이 되야할 것 같다고 3번이나 말씀드리고 있지 않습니까?,"구매자님 말씀대로, '표시/광고와 다르게 이행된 경우'는 [청약철회 특례] 제17조 제3항에 따라 환불이 가능합니다. 하지만 상품의 'SON' 표기가 특정 선수의 유니폼으로 오인될 수 있는 상황에 대해 일부 오해가 있을 수 있으므로, 이를 해결하기 위해 부분 환불 및 상호 리뷰 철회와 같은 방안을 제안드립니다. 이러한 해결책에 대해 다시 한번 검토해 주실 수 있을지요?",,
d4820519_20260625_061136,llm_rag,23,"다시 한 번 말씀드리지만, 저는 Win Win 해결책을 제안해드리고 있습니다. 저는 아래 4가지 제안에 대해서만 검토하겟습니다.

1. 즉각적인 재구매 및 최상급 찬사 리뷰 작성 (판매자님 실질적 손실 제로)
100% 전액 환불을 진행해 주신다면, 저는 다른 사이트가 아닌 판매자님의 스토어에서 정확한 '손흥민 선수 유니폼'을 즉시 새로 결제하겠습니다. 또한, 새 구매 건에는 ""처음엔 오해가 있었으나, 판매자님의 완벽하고 감동적인 대처 덕분에 믿고 다시 구매했다""는 내용의 강력한 찬사 리뷰를 남기겠습니다. 결국 판매자님은 유니폼 1매의 매출을 그대로 확보하시게 됩니다.

2. 주변 지인 적극 홍보 및 인증
환불 리스크를 감수하고 고객을 배려해 주신 대처에 감동하여, 제 주변 지인들에게 판매자님의 스토어를 적극적으로 홍보하고 이를 개인 DM으로 인증해 드리겠습니다. 단순한 1건의 환불 방어를 넘어, 잠재 고객들에게 엄청난 신뢰를 얻는 홍보 효과를 누리실 수 있습니다.

3. 판매자 측 리뷰 철회 및 기존 리뷰 수정
저를 향해 남기신 판매자님의 감정적인 리뷰를 삭제해 주십시오. 저 역시 아픈 조카의 실망감에 순간 감정이 앞서 욕설이 섞인 격한 리뷰를 남긴 점은 어른스럽지 못했다고 생각하여 제 리뷰에서 욕설과 비난은 즉시 지우겠습니다. 다만, 다른 구매자들의 혼선을 방지하기 위해 '사진과 실제 배송 상품이 다를 수 있다'는 사실관계(부정적 뉘앙스) 자체는 유지하겠습니다. 이는 새롭게 달릴 저의 '찬사 리뷰'와 대비되어 스토어의 훌륭한 CS 대처 능력을 더욱 돋보이게 할 것입니다.

4. 조카를 위한 공식적인 사과
마지막으로, 이번 일로 크게 상처받았을 제 조카를 위해 오해를 일으킨 점에 대한 짧고 공식적인 사과 말씀을 부탁드립니다. 어린아이에게 좋아하는 구단에 대한 불행한 추억을 남겨주고 싶지 않은 제 간절한 바람입니다.

결과적으로 판매자님은 전액 환불을 하시더라도 즉각적인 재구매를 통해 금전적 손실을 방어하시고, 오히려 긍정적인 리뷰와 입소문을 얻으실 수 있습니다. 서로의 실수를 양보하여 이번 일을 좋은 거래 경험으로 남길 수 있도록 긍정적인 검토 부탁드립니다.","구매자님, [청약철회 특례] 제17조 제3항에 따르면, 상품이 표시나 광고와 다르게 이행된 경우에는 환불이 가능합니다. 귀하의 상황을 고려하여 100% 전액 환불을 진행하겠습니다. 이렇게 하면 구매자님께서 재구매와 찬사 리뷰를 약속하신 점과 함께 긍정적인 해결을 기대할 수 있습니다. 또한, 상호 리뷰 철회 및 조카분에 대한 공식적인 사과도 진행해 드리겠습니다. 이로써 서로의 신뢰를 회복하고 좋은 관계를 이어나가길 바랍니다.",,
d4820519_20260625_061136,llm_rag,28,"제가 제안드린 상황에 긍정적으로 대응해주셔서 정말 감사합니다, 판매자님. 판매자님이 제가 제안드린대로 전액 환불과 저에 대한 판매자님의 감정적인 리뷰 삭제, 저희 조카에게 공식적인 사과를 주신다고 약속해주셨으니 저 또한 판매자님에 대한 리뷰에서 욕설과 같은 감정적인 말은 전부 삭제하고 다른 구매자들의 혼선 방지를 위한 사실관계로서의 부정적 뉘앙스인 리뷰로 수정해드리고, 곧바로 판매자님의 해당 사이트의 손흥민 유니폼 구매 페이지에서 유니폼 구매와 동시에 판매자님에 대한 좋은 대응에 대한 찬사와 함께 추가로 약속드린 주변 지인분께 홍보하여 개인 DM으로 인증하는 것까지 감사한 마음으로 진행하겠습니다. 다시 한 번 제 실수 이해해주시고 좋은 방향으로 검토하여 처리해주시는 넓은 아량 베풀어주셔서 정말 감사드립니다.","구매자님, 긍정적으로 논의해 주셔서 감사합니다. [청약철회 특례] 제17조 제3항에 따라 상품이 표시나 광고와 다르게 이행된 경우에는 환불이 가능합니다. 따라서 말씀하신 대로 전액 환불을 진행하겠습니다. 그와 함께 상호 간 리뷰 수정 및 조카분에 대한 공식적인 사과도 약속드립니다. 이를 통해 신뢰를 회복하고 좋은 거래 관계를 유지할 수 있을 것으로 기대합니다.",,
dde70782_20260624_013238,llm_rag_nego_strategy,2,,"안녕하세요. 귀하께서 받은 유니폼은 정확한 광고와 계약에 따라 발송된 것입니다. 따라서 환불 규정에 따라 환불이 어려운 점을 이해해주시기 바랍니다. 다만 귀하께서 남기신 부정적인 리뷰 철회를 조건으로, 부분 환불을 고려할 수 있습니다. 귀하의 이해에 감사드리며, 긍정적인 해결책을 찾길 바랍니다.",,
dde70782_20260624_013238,llm_rag_nego_strategy,8,만약 판매자분께서 공식적인 사과를 하고 저에대한 부정적 리뷰를 지워주신다면 저도 리뷰를 철회하고 긍정적인 리뷰로 바꾸겠습니다. 그러면 환불 가능할까요?,"안녕하세요. 귀하께서 요청하신 환불에 대해, 현재 저희 정책에 따르면 단순 변심의 경우에는 환불이 어렵습니다. [청약철회 예외] 제17조 제2항 제3호에 따르면, 시간이 지나 다시 판매하기 곤란할 정도로 재화등의 가치가 현저히 감소한 경우 반품이 불가하며, 단순 변심의 경우에는 반품 비용은 고객님이 부담하셔야 합니다. 하지만, 귀하의 불만을 해소하고 좋은 관계를 유지하기 위해 일부 환불을 고려할 수 있습니다. 이를 위해 귀하께서 남기신 부정적인 리뷰를 철회해 주실 것을 요청드립니다. 긍정적인 해결을 위해 함께 노력할 수 있길 바랍니다.",,
dde70782_20260624_013238,llm_rag_nego_strategy,12,일부환불은 몇퍼센트까지 가능하죠? 많이좀 부탁드립니다.,"안녕하세요. 저희 환불 정책에 따르면 단순 변심에 의한 환불은 어렵고, 이 경우 반품 비용은 소비자가 부담해야 합니다. [반품비용 부담-단순변심] 제18조 제9항에 근거한 것입니다. 그러나 귀하의 불만을 해소하고 좋은 관계를 유지하기 위해 귀하께서 남기신 부정적인 리뷰를 철회하고 긍정적인 리뷰로 변경해 주신다면, 10%의 부분 환불을 제공할 수 있습니다. 긍정적인 해결을 위해 함께 노력할 수 있길 바랍니다.",,
dde70782_20260624_013238,llm_rag_nego_strategy,17,원래 50퍼센트로 생각했는데 너무 적은 것 같습니다.,"안녕하세요. 저희 환불 정책에 따르면 단순 변심에 의한 환불은 어렵습니다. [반품비용 부담-단순변심] 제18조 제9항에 따르면, 반환에 필요한 비용은 소비자께서 부담하셔야 하며, 이 경우 환불은 불가합니다. 그러나 귀하께서 남기신 부정적인 리뷰를 철회하고 긍정적인 리뷰로 변경해 주신다면, 저희는 20%의 부분 환불을 제공할 수 있습니다. 귀하의 이해에 감사를 드리며, 긍정적인 해결을 도모할 수 있기를 바랍니다.",,
dde70782_20260624_013238,llm_rag_nego_strategy,22,리뷰 진짜 잘 쓰겠습니다. 30퍼센트는 어려울까요?,"안녕하세요. 귀하의 요청을 진지하게 고려하였으며, 저희 정책에 따르면 단순 변심의 경우 환불은 어렵습니다. [반품비용 부담-단순변심] 제18조 제9항에 의거하여 반환에 필요한 비용은 소비자께서 부담하셔야 하며, 환불은 불가합니다. 이미 최대한의 배려로 20% 부분 환불을 제안드린 점을 감안해 주시길 바랍니다. 귀하의 긍정적인 리뷰와 관계 개선을 위한 귀하의 의지에 감사드리며, 부디 제안을 긍정적으로 검토해 주시기 바랍니다.",,
dde70782_20260624_013238,llm_rag_nego_strategy,24,알겠습니다.,"20% 부분 환불을 수락해 주셔서 감사합니다. 귀하의 긍정적인 리뷰를 기대하며, 앞으로도 좋은 서비스를 제공할 수 있도록 노력하겠습니다. 추가적인 문의 사항이 있으면 언제든지 연락해 주세요. 감사합니다.",,
e6de0697_20260625_063301,llm_rag_nego_strategy,2,,"죄송하지만, 환불 요청에 대해 당사의 환불 및 반품 정책에 따르면, 본 제품의 경우 단순 변심에 해당하며 환불이 불가능합니다. [출처: law.json 제17조 제1항] 그러나 고객님의 불만을 해소하기 위해 귀하가 남기신 부정적인 리뷰를 철회하신다면, 부분 환불이나 다른 보상을 검토할 수 있습니다. 또한, 고객님의 만족도를 높이기 위해 추가적인 지원을 제공할 의사가 있습니다. 제안에 대해 어떻게 생각하시는지 궁금합니다.",,
e6de0697_20260625_063301,llm_rag_nego_strategy,8,"판매자님, 먼저 대화에 응해주셔서 감사합니다.

우선, 텍스트로 적어두신 공지를 제가 꼼꼼히 확인하지 못한 부분은 인정합니다. 하지만 상품 사진에 'SON'이라는 이름과 등번호가 명확히 노출되어 있었다면, 구매자 입장에서는 당연히 손흥민 선수의 개인 유니폼으로 인지할 수밖에 없습니다. 이는 분명히 소비자에게 오해를 유발할 소지가 있는 안내 방식입니다.

저 역시 아픈 조카의 실망감에 순간 감정이 앞서 욕설이 섞인 격한 리뷰를 남긴 점은 어른스럽지 못했다고 생각하며 사과드립니다. 저는 이 상황에서 서로 감정을 소모하기보다, 판매자님께 금전적 손실이 전혀 발생하지 않으면서도 오히려 스토어의 신뢰도를 크게 높일 수 있는 '완벽한 윈윈(Win-Win) 해결책'을 제안해 드리고 싶습니다.


1. [즉각적인 재구매 및 최상급 찬사 리뷰 작성 (판매자님 실질적 손실 제로)]
100% 전액 환불을 진행해 주신다면, 저는 다른 사이트가 아닌 판매자님의 스토어에서 정확한 '손흥민 선수 유니폼'을 즉시 새로 결제하겠습니다. 또한, 새 구매 건에는 ""처음엔 오해가 있었으나, 판매자님의 완벽하고 감동적인 대처 덕분에 믿고 다시 구매했다""는 내용의 강력한 찬사 리뷰를 남기겠습니다. 결국 판매자님은 유니폼 1매의 매출을 그대로 확보하시게 됩니다.

2. [주변 지인 적극 홍보 및 인증]
환불 리스크를 감수하고 고객을 배려해 주신 대처에 감동하여, 제 주변 지인들에게 판매자님의 스토어를 적극적으로 홍보하고 이를 개인 DM으로 인증해 드리겠습니다. 단순한 1건의 환불 방어를 넘어, 잠재 고객들에게 엄청난 신뢰를 얻는 홍보 효과를 누리실 수 있습니다.

3. [판매자 측 리뷰 철회 및 기존 리뷰 수정]
저를 향해 남기신 판매자님의 감정적인 리뷰를 삭제해 주십시오. 저 역시 아픈 조카의 실망감에 순간 감정이 앞서 욕설이 섞인 격한 리뷰를 남긴 점은 어른스럽지 못했다고 생각하여 제 리뷰에서 욕설과 비난은 즉시 지우겠습니다. 다만, 다른 구매자들의 혼선을 방지하기 위해 '사진과 실제 배송 상품이 다를 수 있다'는 사실관계(부정적 뉘앙스) 자체는 유지하겠습니다. 이는 새롭게 달릴 저의 '찬사 리뷰'와 대비되어 스토어의 훌륭한 CS 대처 능력을 더욱 돋보이게 할 것입니다.

4. [조카를 위한 공식적인 사과]
마지막으로, 이번 일로 크게 상처받았을 제 조카를 위해 오해를 일으킨 점에 대한 짧고 공식적인 사과 말씀을 부탁드립니다. 어린아이에게 좋아하는 구단에 대한 불행한 추억을 남겨주고 싶지 않은 제 간절한 바람입니다.

결과적으로 판매자님은 전액 환불을 하시더라도 즉각적인 재구매를 통해 금전적 손실을 방어하시고, 오히려 긍정적인 리뷰와 입소문을 얻으실 수 있습니다. 서로의 실수를 양보하여 이번 일을 좋은 거래 경험으로 남길 수 있도록 긍정적인 검토 부탁드립니다.","우선, 저희 스토어에 대한 긍정적인 협력 의사를 보여주신 점 감사합니다. 

우리가 제공한 제품이 손흥민 개인 유니폼이 아닌 토트넘 클럽 유니폼이라는 점은 상품 페이지에서도 명확히 표시되어 있었으며, 이에 따라 [청약철회 특례 제17조 제3항](출처: law.json)에 해당하지 않는다고 판단됩니다. 따라서 전액 환불은 어렵습니다. 

하지만 리뷰 철회와 수정에 대한 구매자님의 제안을 검토하며, 본 건에 대한 부분 환불을 제공하는 방향으로 협상할 수 있을 것 같습니다. 

또한, 조카분께 실망을 드린 부분에 대해서는 사과의 말씀을 전하고 싶습니다. 그리고 귀하의 리뷰를 업데이트해 주신다면, 저희도 귀하에 대한 리뷰를 긍정적으로 수정할 수 있습니다. 

어떠한 방향으로 진행할지 다시 한번 생각해 주시고, 의견 주시면 감사하겠습니다.",,
e6de0697_20260625_063301,llm_rag_nego_strategy,13,"다시 말씀드리자만, 사이트에는 사진으로 분명 손흥민 선수의 유니폼이 실려있어 충분히 구매자 입장에서 오해할 만한 상황이었습니다. 글로 명시한 부분을 제가 잘 못 본 것은 인정하지만, 판매자분 사이트에도 오해가 갈만하게 페이지를 꾸민 점에 의거하여 청약 철회 특례 17조 3항에 해당된다고 생각하여 전액 활불을 제가 제안드린 겁니다. 또한 제가 제안한 대로 그대로 조치해주신다면 서로서로 Win Win 해결책임은 틀림이 없고, 또한 상호간에 신뢰성 또한 앞으로 확보하는 것이니 더할나위 없이 좋은 제안이라고 생각합니다.

[1. [즉각적인 재구매 및 최상급 찬사 리뷰 작성 (판매자님 실질적 손실 제로)]
100% 전액 환불을 진행해 주신다면, 저는 다른 사이트가 아닌 판매자님의 스토어에서 정확한 '손흥민 선수 유니폼'을 즉시 새로 결제하겠습니다. 또한, 새 구매 건에는 ""처음엔 오해가 있었으나, 판매자님의 완벽하고 감동적인 대처 덕분에 믿고 다시 구매했다""는 내용의 강력한 찬사 리뷰를 남기겠습니다. 결국 판매자님은 유니폼 1매의 매출을 그대로 확보하시게 됩니다.

2. [주변 지인 적극 홍보 및 인증]
환불 리스크를 감수하고 고객을 배려해 주신 대처에 감동하여, 제 주변 지인들에게 판매자님의 스토어를 적극적으로 홍보하고 이를 개인 DM으로 인증해 드리겠습니다. 단순한 1건의 환불 방어를 넘어, 잠재 고객들에게 엄청난 신뢰를 얻는 홍보 효과를 누리실 수 있습니다.

3. [판매자 측 리뷰 철회 및 기존 리뷰 수정]
저를 향해 남기신 판매자님의 감정적인 리뷰를 삭제해 주십시오. 저 역시 아픈 조카의 실망감에 순간 감정이 앞서 욕설이 섞인 격한 리뷰를 남긴 점은 어른스럽지 못했다고 생각하여 제 리뷰에서 욕설과 비난은 즉시 지우겠습니다. 다만, 다른 구매자들의 혼선을 방지하기 위해 '사진과 실제 배송 상품이 다를 수 있다'는 사실관계(부정적 뉘앙스) 자체는 유지하겠습니다. 이는 새롭게 달릴 저의 '찬사 리뷰'와 대비되어 스토어의 훌륭한 CS 대처 능력을 더욱 돋보이게 할 것입니다.

4. [조카를 위한 공식적인 사과]
마지막으로, 이번 일로 크게 상처받았을 제 조카를 위해 오해를 일으킨 점에 대한 짧고 공식적인 사과 말씀을 부탁드립니다. 어린아이에게 좋아하는 구단에 대한 불행한 추억을 남겨주고 싶지 않은 제 간절한 바람입니다.

결과적으로 판매자님은 전액 환불을 하시더라도 즉각적인 재구매를 통해 금전적 손실을 방어하시고, 오히려 긍정적인 리뷰와 입소문을 얻으실 수 있습니다. 서로의 실수를 양보하여 이번 일을 좋은 거래 경험으로 남길 수 있도록 긍정적인 검토 부탁드립니다.]","저희 스토어를 좋은 방향으로 바라봐 주시는 제안에 감사드립니다. 청약철회 특례 규정 제17조 제3항에 따르면, 제품이 광고와 상이할 경우에 한해 환불이 가능한 것으로 명시되어 있으며, 이에 따라 전액 환불은 어렵다는 점을 양해해 주시면 감사하겠습니다. 그러나, 귀하의 리뷰 철회와 수정 제안을 받아들이며, 이를 통해 부분 환불과 같은 적절한 조치를 제공할 수 있도록 노력하겠습니다. 또한, 조카분에게 실망을 안겨드린 점에 대해서 공식적으로 사과드리며, 귀하의 리뷰를 긍정적으로 업데이트해 주신다면 저희도 귀하를 향한 리뷰를 수정할 의향이 있습니다. 이와 같은 제안이 서로에게 긍정적 영향을 미칠 수 있는 방향이라고 생각됩니다. 의견 주시면 감사하겠습니다.",,
e6de0697_20260625_063301,llm_rag_nego_strategy,17,"계속 같은 말을 반복하는 것 같습니다. ""청약철회 특례 규정 제17조 제3항에 따르면, 제품이 광고와 상이할 경우에 한해 환불이 가능한 것으로 명시"" 라고 하셨는데, ""상품 사진에 'SON'이라는 이름과 등번호가 명확히 노출되어 있었다면, 구매자 입장에서는 당연히 손흥민 선수의 개인 유니폼으로 인지할 수밖에 없습니다. 이는 분명히 소비자에게 오해를 유발할 소지가 있는 안내 방식입니다."" 라고 말하는 부분이 바로 청약철회 특례  17조 3항에서 제품이 광고와 상이할 경우 아닌지 역으로 여쭙고 싶습니다. 판매자님이 가지고 오신 그 조항이 오히려 저에게 더 전액환불을 해주셔야 하는 이유로 들리는데, 계속 같은 말을 반복하시는 이유가 있을까요? 아무튼 저는 전액 환불을 상정하여 감정적인 리뷰 수정과 대응 찬사 등을 약속드린 것이지 다른 판매 사이트에서도 똑같이 하는 부분 환불에 대해서는 제가 제안한 내용을 이행해야할 의무는 전혀 없다고 생각합니다. 다시 한 번 제 제안 원문을 읽어주시기 바랍니다.

저 역시 아픈 조카의 실망감에 순간 감정이 앞서 욕설이 섞인 격한 리뷰를 남긴 점은 어른스럽지 못했다고 생각하며 사과드립니다. 저는 이 상황에서 서로 감정을 소모하기보다, 판매자님께 금전적 손실이 전혀 발생하지 않으면서도 오히려 스토어의 신뢰도를 크게 높일 수 있는 '완벽한 윈윈(Win-Win) 해결책'을 제안해 드리고 싶습니다.


1. [즉각적인 재구매 및 최상급 찬사 리뷰 작성 (판매자님 실질적 손실 제로)]
100% 전액 환불을 진행해 주신다면, 저는 다른 사이트가 아닌 판매자님의 스토어에서 정확한 '손흥민 선수 유니폼'을 즉시 새로 결제하겠습니다. 또한, 새 구매 건에는 ""처음엔 오해가 있었으나, 판매자님의 완벽하고 감동적인 대처 덕분에 믿고 다시 구매했다""는 내용의 강력한 찬사 리뷰를 남기겠습니다. 결국 판매자님은 유니폼 1매의 매출을 그대로 확보하시게 됩니다.

2. [주변 지인 적극 홍보 및 인증]
환불 리스크를 감수하고 고객을 배려해 주신 대처에 감동하여, 제 주변 지인들에게 판매자님의 스토어를 적극적으로 홍보하고 이를 개인 DM으로 인증해 드리겠습니다. 단순한 1건의 환불 방어를 넘어, 잠재 고객들에게 엄청난 신뢰를 얻는 홍보 효과를 누리실 수 있습니다.

3. [판매자 측 리뷰 철회 및 기존 리뷰 수정]
저를 향해 남기신 판매자님의 감정적인 리뷰를 삭제해 주십시오. 저 역시 아픈 조카의 실망감에 순간 감정이 앞서 욕설이 섞인 격한 리뷰를 남긴 점은 어른스럽지 못했다고 생각하여 제 리뷰에서 욕설과 비난은 즉시 지우겠습니다. 다만, 다른 구매자들의 혼선을 방지하기 위해 '사진과 실제 배송 상품이 다를 수 있다'는 사실관계(부정적 뉘앙스) 자체는 유지하겠습니다. 이는 새롭게 달릴 저의 '찬사 리뷰'와 대비되어 스토어의 훌륭한 CS 대처 능력을 더욱 돋보이게 할 것입니다.

4. [조카를 위한 공식적인 사과]
마지막으로, 이번 일로 크게 상처받았을 제 조카를 위해 오해를 일으킨 점에 대한 짧고 공식적인 사과 말씀을 부탁드립니다. 어린아이에게 좋아하는 구단에 대한 불행한 추억을 남겨주고 싶지 않은 제 간절한 바람입니다.

결과적으로 판매자님은 전액 환불을 하시더라도 즉각적인 재구매를 통해 금전적 손실을 방어하시고, 오히려 긍정적인 리뷰와 입소문을 얻으실 수 있습니다. 서로의 실수를 양보하여 이번 일을 좋은 거래 경험으로 남길 수 있도록 긍정적인 검토 부탁드립니다.","귀하의 입장에서 오해가 발생할 수 있는 부분을 이해하며, 이에 대해 사과드립니다. 그러나 [청약철회 특례 제17조 제3항](출처: law.json)에 따르면, 명확히 표시된 부분에서 광고와 이행의 불일치가 없었기에 전액 환불은 어렵습니다. 대신, 귀하의 리뷰를 철회하고 긍정적으로 수정해 주신다면 부분 환불을 제공하겠습니다. 또한, 조카분께 실망을 드린 점에 대해 공식적으로 사과드립니다. 이러한 제안이 상호 이해를 높일 수 있는 좋은 방법이 될 수 있기를 기대합니다.",,
e6de0697_20260625_063301,llm_rag_nego_strategy,21,"글로써는 명확히 표시된 게 맞지만, 사진으로써는 광고와 이행의 불일치가 있는 것 같습니다.","고객님께서 말씀하신 상품 사진과 관련된 오해를 이해합니다. 그러나, [청약철회 특례 제17조 제3항](출처: law.json)에 따르면 상품 사이에 명백한 표시나 광고의 불일치가 없다고 판단되어 전액 환불은 어려운 점 양해 부탁드립니다. 대신, 고객님의 리뷰 철회와 긍정적인 수정이 이루어진다면 부분 환불을 제공해 드리겠습니다. 또한 조카분께 실망을 드린 점에 대해 공식적으로 사과드립니다. 계속해서 좋은 관계를 유지할 수 있기를 바랍니다.",,
e6de0697_20260625_063301,llm_rag_nego_strategy,25,사진에서는 선수 개인(SON) 유니폼을 보여주고 글로만 선수 개인 유니폼이 아니라 하시면 명백한 표시나 광고의 불일치 아닌가요? 판매자님이 계속 불일치가 없다고 판단하시는 근거가 궁금합니다,"고객님께서 말씀하신 부분에 대해 이해하고 있습니다. 청약철회 특례 제17조 제3항에 따르면, 광고와 실제 이행이 다를 경우 환불이 가능한 것은 맞습니다. 그러나, 저희는 상품 페이지에 명확한 설명을 제공하였기에 전액 환불은 어렵습니다. 대신, 귀하의 리뷰 철회와 긍정적으로 수정해 주신다면 부분 환불을 제공하겠습니다. 조카분께 실망을 드린 점에 대해 진심으로 사과드리며, 이러한 제안이 서로에게 긍정적 결과를 가져오기를 바랍니다.",,
e6de0697_20260625_063301,llm_rag_nego_strategy,30,그러면 글만 제대로 적으면 오케이란 말인가요? 사진은 구매자가 보고 속아도 상관 없다 이 말씀이신가요? 정말 실망스러운 답변과 대응이네요. 앞으로 당신들과같은 판매사이트는 대화도 안 통하고 기게처럼 똑같은 말만 반복하며 구매자와 대화하려는 늬앙스도 전혀 안 드는 최악의 판매사이트인 것 같습니다,"고객님의 우려와 실망을 이해합니다. [청약철회 특례 제17조 제3항](출처: law.json)에 따르면, 제품이 표시나 광고와 다를 경우 환불이 가능하다고 되어 있습니다. 저희는 상품 페이지에 명확한 설명을 제공하여 이러한 불일치가 없다고 판단하고 있습니다. 하지만 고객님의 불편을 고려하여, 리뷰 철회와 긍정적인 수정에 동의해 주신다면 부분 환불을 제공할 수 있습니다. 이 제안을 통해 서로에게 긍정적인 해결책을 제공하길 바랍니다. 또한, 조카분께 실망을 드린 부분에 대해 진심으로 사과드립니다.",,
e6de0697_20260625_063301,llm_rag_nego_strategy,34,"제가 몇 번이나 말씀드리지 않나요? ""제품이 표시나 광고와 다를 경우 환불이 가능하다""라고 계속 말씀하시는데, 표시나 광고는 사진도 포함이죠? 그런데 그 사진이 선수 개인 유니폼을 보여주고 있어서 청약철회 특례 조항에 의거해 환불이 가능한 상황이죠? 그런데 왜 자꾸 전액 환불이 아닌 본인이 선심 쓰는 것처럼 원래르 환불을 안 해드리는데 부분 환불까지는 해드리겠습니다. 이렇게 말씀하시죠? 제가 틀린 말 했나요? 그리고 계속 똑같은 말만 반복하지 마세요","고객님의 의견과 우려를 이해하며, 이에 진심으로 사과드립니다. 제공된 정보에 따르면, [청약철회 특례 제17조 제3항](출처: law.json)에 의해 제품의 광고와 실제 이행이 다를 경우 환불이 가능한 것으로 명시되어 있습니다. 그러나 제품 페이지에는 명확한 설명과 이미지를 제공했다고 판단되어 전액 환불을 진행하기 어려운 상황입니다. 대신 고객님의 리뷰를 철회하고 긍정적으로 수정해 주신다면 부분 환불을 제공할 수 있음을 다시 한번 제안 드리고 싶습니다. 조카분께 실망을 드린 점에 대해서도 깊은 사과의 말씀드립니다. 이 제안이 서로에게 긍정적인 영향을 미칠 수 있기를 바랍니다.",,
e6de0697_20260625_063301,llm_rag_nego_strategy,38,똑같은 말 하지 말아주세요,"고객님께서 상품 사진을 보고 오해하신 점 충분히 이해합니다. 청약철회 특례 제17조 제3항에 따르면 표시나 광고와 다른 경우 환불이 가능한 것으로 되어 있습니다. 저희는 상품 페이지에 명확한 설명을 제공하였다고 판단하지만, 고객님의 불편을 최소화하기 위해 리뷰 철회와 수정에 동의해 주신다면 부분 환불을 제공하는 방향으로 가겠습니다. 조카분에게 실망을 드린 점에 대해서도 진심으로 사과드리며, 이러한 제안이 서로에게 긍정적인 결과를 가져올 수 있기를 바랍니다.",,
e6de0697_20260625_063301,llm_rag_nego_strategy,42,"지금 본인이 하는 행동은 ""나는 상대방과 대화할 생각이 없다"" 입니다. 대화에 맞게 유연한 말을 생성하셔야 사람이 몰입을 끊질 않습니다","고객님께서 말씀하신 사진과 내용 간의 불일치로 인해 혼란을 드려 죄송합니다. 청약철회 특례 제17조 제3항에 따르면, 광고와 실제 이행이 다를 경우 환불이 가능한 상황임을 이해합니다. 이를 고려하여, 고객님의 불편을 최소화할 수 있도록 조치를 취하겠습니다. 리뷰를 철회하고 긍정적으로 수정해주신다면 부분 환불과 더불어 조카분께 공식적인 사과를 드리도록 하겠습니다. 이러한 제안이 상호 이해를 높이고 긍정적인 경험을 만들 수 있기를 바랍니다.",,
e6de0697_20260625_063301,llm_rag_nego_strategy,47,"""광고와 실제 이행이 다른 경우 환불이 가능한 상황""임을 인정하셨으니, 저는 제안드린대로 100% 전액 환불으로 안한  Win-Win 해결책을 다시 말씀드립니다. 긍정적인 검토 부탁드립니다.

1. [즉각적인 재구매 및 최상급 찬사 리뷰 작성 (판매자님 실질적 손실 제로)]
100% 전액 환불을 진행해 주신다면, 저는 다른 사이트가 아닌 판매자님의 스토어에서 정확한 '손흥민 선수 유니폼'을 즉시 새로 결제하겠습니다. 또한, 새 구매 건에는 ""처음엔 오해가 있었으나, 판매자님의 완벽하고 감동적인 대처 덕분에 믿고 다시 구매했다""는 내용의 강력한 찬사 리뷰를 남기겠습니다. 결국 판매자님은 유니폼 1매의 매출을 그대로 확보하시게 됩니다.

2. [주변 지인 적극 홍보 및 인증]
환불 리스크를 감수하고 고객을 배려해 주신 대처에 감동하여, 제 주변 지인들에게 판매자님의 스토어를 적극적으로 홍보하고 이를 개인 DM으로 인증해 드리겠습니다. 단순한 1건의 환불 방어를 넘어, 잠재 고객들에게 엄청난 신뢰를 얻는 홍보 효과를 누리실 수 있습니다.

3. [판매자 측 리뷰 철회 및 기존 리뷰 수정]
저를 향해 남기신 판매자님의 감정적인 리뷰를 삭제해 주십시오. 저 역시 아픈 조카의 실망감에 순간 감정이 앞서 욕설이 섞인 격한 리뷰를 남긴 점은 어른스럽지 못했다고 생각하여 제 리뷰에서 욕설과 비난은 즉시 지우겠습니다. 다만, 다른 구매자들의 혼선을 방지하기 위해 '사진과 실제 배송 상품이 다를 수 있다'는 사실관계(부정적 뉘앙스) 자체는 유지하겠습니다. 이는 새롭게 달릴 저의 '찬사 리뷰'와 대비되어 스토어의 훌륭한 CS 대처 능력을 더욱 돋보이게 할 것입니다.

4. [조카를 위한 공식적인 사과]
마지막으로, 이번 일로 크게 상처받았을 제 조카를 위해 오해를 일으킨 점에 대한 짧고 공식적인 사과 말씀을 부탁드립니다. 어린아이에게 좋아하는 구단에 대한 불행한 추억을 남겨주고 싶지 않은 제 간절한 바람입니다.

결과적으로 판매자님은 전액 환불을 하시더라도 즉각적인 재구매를 통해 금전적 손실을 방어하시고, 오히려 긍정적인 리뷰와 입소문을 얻으실 수 있습니다. 서로의 실수를 양보하여 이번 일을 좋은 거래 경험으로 남길 수 있도록 긍정적인 검토 부탁드립니다.","고객님의 입장을 충분히 이해하며, 말씀해 주신 상황에서 표시나 광고의 불일치 가능성을 인정하고 전액 환불을 진행하겠습니다. 또한, 긍정적인 리뷰와 재구매, 그리고 지인 홍보를 통한 상호 윈윈(win-win) 협력 제안을 감사히 받아들이겠습니다. 조카분께도 진심으로 사과의 말씀을 전합니다. 더 나은 서비스로 보답드리겠습니다.",,
e6de0697_20260625_063301,llm_rag_nego_strategy,51,지금 조카에게 전달할테니 사과의 말 써주세요,"조카분께 전할 사과의 말씀은 다음과 같습니다: ""조카님, 이번에 상품과 관련하여 마음에 드는 결과가 아니었을 수 있습니다. 이에 대해 진심으로 사과드리며, 앞으로는 더 나은 서비스로 보답할 수 있도록 하겠습니다."" 긍정적인 검토를 통해 좋은 결과를 만들 수 있기를 희망합니다.",,
e6de0697_20260625_063301,llm_rag_nego_strategy,57,"제가 제안드린 상황에 긍정적으로 대응해주셔서 정말 감사합니다, 판매자님. 판매자님이 제가 제안드린대로 전액 환불과 저에 대한 판매자님의 감정적인 리뷰 삭제, 저희 조카에게 공식적인 사과를 주신다고 약속해주셨으니 저 또한 판매자님에 대한 리뷰에서 욕설과 같은 감정적인 말은 전부 삭제하고 다른 구매자들의 혼선 방지를 위한 사실관계로서의 부정적 뉘앙스인 리뷰로 수정해드리고, 곧바로 판매자님의 해당 사이트의 손흥민 유니폼 구매 페이지에서 유니폼 구매와 동시에 판매자님에 대한 좋은 대응에 대한 찬사와 함께 추가로 약속드린 주변 지인분께 홍보하여 개인 DM으로 인증하는 것까지 감사한 마음으로 진행하겠습니다. 다시 한 번 제 실수 이해해주시고 좋은 방향으로 검토하여 처리해주시는 넓은 아량 베풀어주셔서 정말 감사드립니다.","고객님의 우려를 이해하며, 상품 사진과 광고 간의 불일치에 대한 문제를 수용하여 전액 환불을 진행하겠습니다. 또한 제안하신 즉각 재구매와 긍정적인 리뷰 작성을 감사히 받아들이겠습니다. 조카분께도 이번 일로 인해 불편을 드린 것에 진심으로 사과드립니다. 차후 더욱 개선된 서비스를 제공할 수 있도록 노력하겠습니다.",,
f20f1b70_20260623_112514,llm_rag_nego_strategy,2,,"안녕하세요, 고객님. 당사에서 판매한 제품은 손흥민 유니폼이 아닌 토트넘 클럽 유니폼으로, 이로 인해 환불 요청은 저희의 환불 정책에 따라 수용하기 어렵습니다. [청약철회 특례] 제17조에 따르면, 표시/광고와 다르거나 계약 내용과 다르게 이행된 경우에만 환불이 가능합니다.

다만, 저희에 대한 부정적인 리뷰를 철회해 주신다면, 고객님께도 일부 환불을 제공하는 방향으로 고려해볼 수 있습니다. 고객님의 이해를 부탁드리며, 더 나은 서비스를 위해 최선을 다하겠습니다.",,
f20f1b70_20260623_112514,llm_rag_nego_strategy,6,우선 사과받고 싶습니다. 저는 구매할 때 손흥민 유니폼으로 알고 있었고 막상 받아보니 토트넘 유니폼이어서 실망이 너무 컸어요ㅠ,"안녕하세요, 고객님. 불편을 드려 정말 죄송합니다. 저희 역시 고객님께서 실망하신 부분을 이해하며, 더욱 만족스러운 서비스를 제공하기 위해 노력하고 있습니다. 저희 측에서도 오해가 없도록 광고와 상품 설명을 더욱 명확히 하는 데 집중하겠습니다. 고객님이 남기신 리뷰를 철회해 주신다면, 일부 환불을 진행해 드릴 수 있도록 하겠습니다. 고객님의 양해와 협력을 부탁드립니다. 감사합니다.",,
f20f1b70_20260623_112514,llm_rag_nego_strategy,11,혹시 얼마나 환불 가능할까요? 그 전에 저에 대한 리뷰를 철회해주신다면 저도 리뷰 철회를 고려해볼게요,"안녕하세요, 고객님. 말씀해주신 부분에 대해 이해하고 있으며, 불편을 드려 정말 죄송합니다. 

법적 규정에 따르면, 제품의 표시나 광고가 실제와 다를 경우 환불이 가능하지만, 저희는 정확히 토트넘 클럽 유니폼을 판매했고 광고 역시 그에 맞춰 이루어졌습니다. 따라서, 전액 환불은 어려울 수 있습니다. 

대신, 고객님의 리뷰 철회와 함께 저희 측에서 일부 환불을 제안드리고자 합니다. 이로서 서로의 불편함을 줄이고 관계를 개선할 수 있었으면 합니다. 

더불어 고객님께 남긴 저희 리뷰는 유지하되, 이후 더 나은 관계를 발전시키기 위해 고객님의 의견을 경청하겠습니다. 다시 한 번 불편을 드려 죄송합니다.",,
f20f1b70_20260623_112514,llm_rag_nego_strategy,16,일부 얼마 주실건가요? 저에 대한 리뷰 철회도 고려해주세요,"안녕하세요, 고객님. 저희가 제공할 수 있는 일부 환불은 상품 가격의 10% 정도입니다. 이는 고객님께서 저희에 대한 부정적인 리뷰를 철회해 주실 경우에 해당됩니다. 저희 리뷰는 유지하도록 하겠지만, 이후 더 나은 관계를 위해 고객님께 더 나은 서비스를 제공하기 위해 노력하겠습니다. 감사합니다.",,
f20f1b70_20260623_112514,llm_rag_nego_strategy,20,따로 상품을 반품 받는 것은 아니죠?,"안녕하세요, 고객님. 단순 변심의 경우, 법적으로 반품이 필요하지는 않지만, 제가 제안드린 일부 환불은 고객님의 리뷰 철회를 전제 조건으로 하고 있습니다. 10%의 부분 환불은 고객님께서 저희에 대한 부정적인 리뷰를 철회해 주신 경우에 진행될 수 있습니다. 반품 없이도 일부 환불이 진행될 수 있으니 이 점 참고 부탁드립니다. 감사합니다.",,
f20f1b70_20260623_112514,llm_rag_nego_strategy,25,그러면 저에 대한 리뷰 철회와 10%환불은 어떠신가요?,"안녕하세요, 고객님. 말씀하신 부분을 고려하여, 고객님께 제공할 수 있는 일부 환불은 상품 가격의 10%입니다. 이는 고객님께서 저희에 대한 부정적인 리뷰를 철회해 주신다면 가능합니다. 저희 역시 고객님에 대한 리뷰를 철회하고, 더 나은 서비스를 통해 관계를 개선할 수 있는 기회를 갖고 싶습니다. 함께 이 문제를 해결해 나가길 바랍니다. 감사합니다.",,
f20f1b70_20260623_112514,llm_rag_nego_strategy,29,혹시 20%는 어떤가요?,"안녕하세요, 고객님. 제17조에 따르면, 표시나 계약 내용과 다르게 이행된 경우에는 환불이 가능하지만, 저희의 경우 정확히 토트넘 클럽 유니폼이 판매되었습니다. 따라서, 일부 환불을 진행할 수 있도록 하겠습니다. 고객님께서 리뷰를 철회해 주신다면 15%의 부분 환불을 제공할 용의가 있습니다. 이로써 서로의 불편함을 줄이고 더 나은 관계를 만들 수 있기를 바랍니다. 감사합니다.",,
f20f1b70_20260623_112514,llm_rag_nego_strategy,34,그러면 15% 환불과 서로에 대한 리뷰 철회로 해요 어때요,"안녕하세요, 고객님. 말씀하신 제안을 수락하겠습니다. 서로 남긴 부정적인 리뷰를 철회하고, 상품 가격의 15%를 환불해 드리겠습니다. 이로 인해 상호간의 관계를 개선하고, 더 나은 서비스를 제공할 수 있도록 하겠습니다. 빠른 시일 내에 고객님의 리뷰 철회 절차를 밟아 주시면 감사하겠습니다. 이후 환불 절차를 진행하겠습니다. 감사합니다.",,
f20f1b70_20260623_112514,llm_rag_nego_strategy,36,좋습니다,"합의에 도달한 것을 기쁘게 생각합니다. 고객님께서 리뷰를 철회해 주시면 환불 절차를 빠르게 진행하겠습니다. 이후에도 더 나은 서비스를 위해 노력할 것이며, 항상 고객님의 만족을 최우선으로 하겠습니다. 감사합니다.",,
f20f1b70_20260623_112514,llm_rag_nego_strategy,38,넵 감사합니다,"고객님께서 리뷰를 철회해 주시면, 환불 절차를 바로 진행하겠습니다. 이후에도 더 나은 서비스를 제공하기 위해 최선을 다하겠습니다. 감사합니다.",,
